hidden_dim,num_transformer_layers,num_mlp_layers,dropout,batch_size,nhead,share_embedding_mlp,use_cls,epochs,lr,batchnorm,grad_clip,features,feature combo ningxiang score,Train r2,Val r2,Test r2,Train rmse,Val rmse,Test rmse,Train mape,Val mape,Test mape,Time,input_dim,random_state,loss,rootpath,TabularDataFactory,TabularDataset,name,output_dim,mode,verbose,n_columns,n_features,Precedence
16.0,1.0,1.0,0.1,128.0,4.0,1.0,0.0,10.0,0.01,0.0,0.0,['Effective Disposals'],0.44653042996227005,0.580972,0.5805,0.582092,0.191113,0.191224,0.190871,,,,21.89,1.0,42.0,MSELoss(),./,<function TabularDataFactory at 0x7cd1a613eb00>,<class 'PyTorch2Sklearn.utils.data.TabularDataset'>,Transformer,1.0,Regression,True,1.0,0.0,0.0
16.0,1.0,1.0,0.1,128.0,4.0,True,False,10.0,0.01,False,False,"['Effective Disposals', 'Disposals']",0.5902700666140068,0.604966,0.605318,0.605772,0.185561,0.185482,0.185385,,,,24.97,2.0,42.0,MSELoss(),./,<function TabularDataFactory at 0x7cd1a613eb00>,<class 'PyTorch2Sklearn.utils.data.TabularDataset'>,Transformer,1.0,Regression,True,2.0,1.0,1.0
16.0,1.0,1.0,0.1,128.0,4.0,True,False,10.0,0.01,False,False,"['Effective Disposals', 'Disposals', 'Contested Possessions']",0.6884421836299831,0.670907,0.67051,0.678039,0.169367,0.169472,0.167534,,,,24.95,3.0,42.0,MSELoss(),./,<function TabularDataFactory at 0x7cd1a613eb00>,<class 'PyTorch2Sklearn.utils.data.TabularDataset'>,Transformer,1.0,Regression,True,3.0,2.0,2.0
16.0,1.0,1.0,0.1,128.0,4.0,True,False,10.0,0.01,False,False,"['Effective Disposals', 'Disposals', 'Contested Possessions', 'Goals']",0.7573402957514369,0.732475,0.728463,0.733983,0.152705,0.153848,0.152284,,,,26.24,4.0,42.0,MSELoss(),./,<function TabularDataFactory at 0x7cd1a613eb00>,<class 'PyTorch2Sklearn.utils.data.TabularDataset'>,Transformer,1.0,Regression,True,4.0,3.0,3.0
16.0,1.0,1.0,0.1,128.0,4.0,True,False,10.0,0.01,False,False,"['Effective Disposals', 'Disposals', 'Contested Possessions', 'Goals', 'Score Involvements']",0.7965879020682821,0.756817,0.752582,0.757065,0.145592,0.146856,0.145528,,,,27.75,5.0,42.0,MSELoss(),./,<function TabularDataFactory at 0x7cd1a613eb00>,<class 'PyTorch2Sklearn.utils.data.TabularDataset'>,Transformer,1.0,Regression,True,5.0,4.0,4.0
16.0,1.0,1.0,0.1,128.0,4.0,True,False,10.0,0.01,False,False,"['Effective Disposals', 'Disposals', 'Contested Possessions', 'Goals', 'Score Involvements', 'Hitouts']",0.8334493582092865,0.782757,0.777378,0.781239,0.137608,0.139303,0.138097,,,,29.29,6.0,42.0,MSELoss(),./,<function TabularDataFactory at 0x7cd1a613eb00>,<class 'PyTorch2Sklearn.utils.data.TabularDataset'>,Transformer,1.0,Regression,True,6.0,5.0,5.0
16.0,1.0,1.0,0.1,128.0,4.0,True,False,10.0,0.01,False,False,"['Effective Disposals', 'Disposals', 'Contested Possessions', 'Goals', 'Score Involvements', 'Hitouts', 'Kicks']",0.8643600434499222,0.788558,0.784985,0.787102,0.135758,0.136903,0.136234,,,,31.19,7.0,42.0,MSELoss(),./,<function TabularDataFactory at 0x7cd1a613eb00>,<class 'PyTorch2Sklearn.utils.data.TabularDataset'>,Transformer,1.0,Regression,True,7.0,6.0,6.0
16.0,1.0,1.0,0.1,128.0,4.0,True,False,10.0,0.01,False,False,"['Effective Disposals', 'Disposals', 'Contested Possessions', 'Goals', 'Score Involvements', 'Hitouts', 'Kicks', 'Tackles']",0.8888584293867895,0.827543,0.824411,0.827837,0.122606,0.123716,0.12251,,,,32.31,8.0,42.0,MSELoss(),./,<function TabularDataFactory at 0x7cd1a613eb00>,<class 'PyTorch2Sklearn.utils.data.TabularDataset'>,Transformer,1.0,Regression,True,8.0,7.0,7.0
16.0,1.0,1.0,0.1,128.0,4.0,True,False,10.0,0.01,False,False,"['Effective Disposals', 'Disposals', 'Contested Possessions', 'Goals', 'Score Involvements', 'Hitouts', 'Kicks', 'Tackles', 'One Percenters']",0.908246584633331,0.852614,0.849162,0.852206,0.113344,0.114666,0.113508,,,,34.42,9.0,42.0,MSELoss(),./,<function TabularDataFactory at 0x7cd1a613eb00>,<class 'PyTorch2Sklearn.utils.data.TabularDataset'>,Transformer,1.0,Regression,True,9.0,8.0,8.0
16.0,1.0,1.0,0.1,128.0,4.0,True,False,10.0,0.01,False,False,"['Effective Disposals', 'Disposals', 'Contested Possessions', 'Goals', 'Score Involvements', 'Hitouts', 'Kicks', 'Tackles', 'One Percenters', 'Clangers']",0.9217247970433559,-0.002123,-0.002122,-0.002122,0.295549,0.295554,0.29557,,,,37.23,10.0,42.0,MSELoss(),./,<function TabularDataFactory at 0x7cd1a613eb00>,<class 'PyTorch2Sklearn.utils.data.TabularDataset'>,Transformer,1.0,Regression,True,10.0,9.0,9.0
16.0,1.0,1.0,0.1,128.0,4.0,True,False,10.0,0.01,False,False,"['Effective Disposals', 'Disposals', 'Contested Possessions', 'Goals', 'Score Involvements', 'Hitouts', 'Kicks', 'Tackles', 'One Percenters', 'Clangers', 'Contested Marks']",0.9296124325660999,0.882428,0.882542,0.884111,0.101233,0.101186,0.100513,,,,37.33,11.0,42.0,MSELoss(),./,<function TabularDataFactory at 0x7cd1a613eb00>,<class 'PyTorch2Sklearn.utils.data.TabularDataset'>,Transformer,1.0,Regression,True,11.0,10.0,10.0
16.0,1.0,1.0,0.1,128.0,4.0,True,False,10.0,0.01,False,False,"['Effective Disposals', 'Disposals', 'Contested Possessions', 'Goals', 'Score Involvements', 'Hitouts', 'Kicks', 'Tackles', 'One Percenters', 'Clangers', 'Contested Marks', 'Tackles Outside 50']",0.9370952172710802,0.883971,0.883444,0.884529,0.100566,0.100796,0.100332,,,,38.69,12.0,42.0,MSELoss(),./,<function TabularDataFactory at 0x7cd1a613eb00>,<class 'PyTorch2Sklearn.utils.data.TabularDataset'>,Transformer,1.0,Regression,True,12.0,11.0,11.0
16.0,1.0,1.0,0.1,128.0,4.0,True,False,10.0,0.01,False,False,"['Effective Disposals', 'Disposals', 'Contested Possessions', 'Goals', 'Score Involvements', 'Hitouts', 'Kicks', 'Tackles', 'One Percenters', 'Clangers', 'Contested Marks', 'Tackles Outside 50', 'Metres Gained']",0.9437985228266181,0.878333,0.877414,0.879125,0.102981,0.103371,0.102652,,,,40.04,13.0,42.0,MSELoss(),./,<function TabularDataFactory at 0x7cd1a613eb00>,<class 'PyTorch2Sklearn.utils.data.TabularDataset'>,Transformer,1.0,Regression,True,13.0,12.0,12.0
16.0,1.0,1.0,0.1,128.0,4.0,True,False,10.0,0.01,False,False,"['Effective Disposals', 'Disposals', 'Contested Possessions', 'Goals', 'Score Involvements', 'Hitouts', 'Kicks', 'Tackles', 'One Percenters', 'Clangers', 'Contested Marks', 'Tackles Outside 50', 'Metres Gained', 'Marks']",0.9503332272292372,0.887518,0.887269,0.888092,0.099017,0.099128,0.098771,,,,41.44,14.0,42.0,MSELoss(),./,<function TabularDataFactory at 0x7cd1a613eb00>,<class 'PyTorch2Sklearn.utils.data.TabularDataset'>,Transformer,1.0,Regression,True,14.0,13.0,13.0
16.0,1.0,1.0,0.1,128.0,4.0,True,False,10.0,0.01,False,False,"['Effective Disposals', 'Disposals', 'Contested Possessions', 'Goals', 'Score Involvements', 'Hitouts', 'Kicks', 'Tackles', 'One Percenters', 'Clangers', 'Contested Marks', 'Tackles Outside 50', 'Metres Gained', 'Marks', 'Behind Assists']",0.9565296687326265,0.889639,0.889529,0.890224,0.098079,0.09813,0.097826,,,,44.11,15.0,42.0,MSELoss(),./,<function TabularDataFactory at 0x7cd1a613eb00>,<class 'PyTorch2Sklearn.utils.data.TabularDataset'>,Transformer,1.0,Regression,True,15.0,14.0,14.0
16.0,1.0,1.0,0.1,128.0,4.0,True,False,10.0,0.01,False,False,"['Effective Disposals', 'Disposals', 'Contested Possessions', 'Goals', 'Score Involvements', 'Hitouts', 'Kicks', 'Tackles', 'One Percenters', 'Clangers', 'Contested Marks', 'Tackles Outside 50', 'Metres Gained', 'Marks', 'Behind Assists', 'Intercepts']",0.9611499564974357,-0.002126,-0.002126,-0.002126,0.29555,0.295555,0.295571,,,,44.75,16.0,42.0,MSELoss(),./,<function TabularDataFactory at 0x7cd1a613eb00>,<class 'PyTorch2Sklearn.utils.data.TabularDataset'>,Transformer,1.0,Regression,True,16.0,15.0,15.0
16.0,1.0,1.0,0.1,128.0,4.0,True,False,10.0,0.01,False,False,"['Effective Disposals', 'Disposals', 'Contested Possessions', 'Goals', 'Score Involvements', 'Hitouts', 'Kicks', 'Tackles', 'One Percenters', 'Clangers', 'Contested Marks', 'Tackles Outside 50', 'Metres Gained', 'Marks', 'Behind Assists', 'Intercepts', 'Marks Inside 50']",0.9645858003064073,-0.00212,-0.00212,-0.00212,0.295549,0.295554,0.29557,,,,45.54,17.0,42.0,MSELoss(),./,<function TabularDataFactory at 0x7cd1a613eb00>,<class 'PyTorch2Sklearn.utils.data.TabularDataset'>,Transformer,1.0,Regression,True,17.0,16.0,16.0
16.0,1.0,1.0,0.1,128.0,4.0,True,False,10.0,0.01,False,False,"['Effective Disposals', 'Disposals', 'Contested Possessions', 'Goals', 'Score Involvements', 'Hitouts', 'Kicks', 'Tackles', 'One Percenters', 'Clangers', 'Contested Marks', 'Tackles Outside 50', 'Metres Gained', 'Marks', 'Behind Assists', 'Intercepts', 'Marks Inside 50', 'Goal Assists']",0.9673770870917229,-0.002111,-0.00211,-0.00211,0.295548,0.295553,0.295568,,,,47.8,18.0,42.0,MSELoss(),./,<function TabularDataFactory at 0x7cd1a613eb00>,<class 'PyTorch2Sklearn.utils.data.TabularDataset'>,Transformer,1.0,Regression,True,18.0,17.0,17.0
16.0,1.0,1.0,0.1,128.0,4.0,True,False,10.0,0.01,False,False,"['Effective Disposals', 'Disposals', 'Contested Possessions', 'Goals', 'Score Involvements', 'Hitouts', 'Kicks', 'Tackles', 'One Percenters', 'Clangers', 'Contested Marks', 'Tackles Outside 50', 'Metres Gained', 'Marks', 'Behind Assists', 'Intercepts', 'Marks Inside 50', 'Goal Assists', 'Frees Agains']",0.9701515001846404,0.815635,0.816036,0.818069,0.126768,0.126632,0.125937,,,,49.64,19.0,42.0,MSELoss(),./,<function TabularDataFactory at 0x7cd1a613eb00>,<class 'PyTorch2Sklearn.utils.data.TabularDataset'>,Transformer,1.0,Regression,True,19.0,18.0,18.0
16.0,1.0,1.0,0.1,128.0,4.0,True,False,10.0,0.01,False,False,"['Effective Disposals', 'Disposals', 'Contested Possessions', 'Goals', 'Score Involvements', 'Hitouts', 'Kicks', 'Tackles', 'One Percenters', 'Clangers', 'Contested Marks', 'Tackles Outside 50', 'Metres Gained', 'Marks', 'Behind Assists', 'Intercepts', 'Marks Inside 50', 'Goal Assists', 'Frees Agains', 'Tackles Inside 50']",0.9727234836103577,0.890269,0.888574,0.889133,0.097799,0.098553,0.098311,,,,51.7,20.0,42.0,MSELoss(),./,<function TabularDataFactory at 0x7cd1a613eb00>,<class 'PyTorch2Sklearn.utils.data.TabularDataset'>,Transformer,1.0,Regression,True,20.0,19.0,19.0
16.0,1.0,1.0,0.1,128.0,4.0,True,False,10.0,0.01,False,False,"['Effective Disposals', 'Disposals', 'Contested Possessions', 'Goals', 'Score Involvements', 'Hitouts', 'Kicks', 'Tackles', 'One Percenters', 'Clangers', 'Contested Marks', 'Tackles Outside 50', 'Metres Gained', 'Marks', 'Behind Assists', 'Intercepts', 'Marks Inside 50', 'Goal Assists', 'Frees Agains', 'Tackles Inside 50', 'Handballs']",0.9752173791742361,-0.002109,-0.002109,-0.002109,0.295547,0.295552,0.295568,,,,52.05,21.0,42.0,MSELoss(),./,<function TabularDataFactory at 0x7cd1a613eb00>,<class 'PyTorch2Sklearn.utils.data.TabularDataset'>,Transformer,1.0,Regression,True,21.0,20.0,20.0
16.0,1.0,1.0,0.1,128.0,4.0,True,False,10.0,0.01,False,False,"['Effective Disposals', 'Disposals', 'Contested Possessions', 'Goals', 'Score Involvements', 'Hitouts', 'Kicks', 'Tackles', 'One Percenters', 'Clangers', 'Contested Marks', 'Tackles Outside 50', 'Metres Gained', 'Marks', 'Behind Assists', 'Intercepts', 'Marks Inside 50', 'Goal Assists', 'Frees Agains', 'Tackles Inside 50', 'Handballs', 'Marks Outside 50']",0.9773390168194317,0.880237,0.880526,0.882197,0.102172,0.10205,0.10134,,,,53.57,22.0,42.0,MSELoss(),./,<function TabularDataFactory at 0x7cd1a613eb00>,<class 'PyTorch2Sklearn.utils.data.TabularDataset'>,Transformer,1.0,Regression,True,22.0,21.0,21.0
16.0,1.0,1.0,0.1,128.0,4.0,True,False,10.0,0.01,False,False,"['Effective Disposals', 'Disposals', 'Contested Possessions', 'Goals', 'Score Involvements', 'Hitouts', 'Kicks', 'Tackles', 'One Percenters', 'Clangers', 'Contested Marks', 'Tackles Outside 50', 'Metres Gained', 'Marks', 'Behind Assists', 'Intercepts', 'Marks Inside 50', 'Goal Assists', 'Frees Agains', 'Tackles Inside 50', 'Handballs', 'Marks Outside 50', 'Time On Ground %']",0.9794518706907822,-0.002118,-0.002118,-0.002117,0.295549,0.295554,0.295569,,,,54.85,23.0,42.0,MSELoss(),./,<function TabularDataFactory at 0x7cd1a613eb00>,<class 'PyTorch2Sklearn.utils.data.TabularDataset'>,Transformer,1.0,Regression,True,23.0,22.0,22.0
16.0,1.0,1.0,0.1,128.0,4.0,True,False,10.0,0.01,False,False,"['Effective Disposals', 'Disposals', 'Contested Possessions', 'Goals', 'Score Involvements', 'Hitouts', 'Kicks', 'Tackles', 'One Percenters', 'Clangers', 'Contested Marks', 'Tackles Outside 50', 'Metres Gained', 'Marks', 'Behind Assists', 'Intercepts', 'Marks Inside 50', 'Goal Assists', 'Frees Agains', 'Tackles Inside 50', 'Handballs', 'Marks Outside 50', 'Time On Ground %', 'Rebound 50s']",0.9812681139233039,-0.002124,-0.002124,-0.002124,0.29555,0.295555,0.29557,,,,58.34,24.0,42.0,MSELoss(),./,<function TabularDataFactory at 0x7cd1a613eb00>,<class 'PyTorch2Sklearn.utils.data.TabularDataset'>,Transformer,1.0,Regression,True,24.0,23.0,23.0
16.0,1.0,1.0,0.1,128.0,4.0,True,False,10.0,0.01,False,False,"['Effective Disposals', 'Disposals', 'Contested Possessions', 'Goals', 'Score Involvements', 'Hitouts', 'Kicks', 'Tackles', 'One Percenters', 'Clangers', 'Contested Marks', 'Tackles Outside 50', 'Metres Gained', 'Marks', 'Behind Assists', 'Intercepts', 'Marks Inside 50', 'Goal Assists', 'Frees Agains', 'Tackles Inside 50', 'Handballs', 'Marks Outside 50', 'Time On Ground %', 'Rebound 50s', 'Disposal Efficiency %']",0.9830121267145816,-0.002125,-0.002125,-0.002125,0.29555,0.295555,0.295571,,,,57.71,25.0,42.0,MSELoss(),./,<function TabularDataFactory at 0x7cd1a613eb00>,<class 'PyTorch2Sklearn.utils.data.TabularDataset'>,Transformer,1.0,Regression,True,25.0,24.0,24.0
16.0,1.0,1.0,0.1,128.0,4.0,True,False,10.0,0.01,False,False,"['Effective Disposals', 'Disposals', 'Contested Possessions', 'Goals', 'Score Involvements', 'Hitouts', 'Kicks', 'Tackles', 'One Percenters', 'Clangers', 'Contested Marks', 'Tackles Outside 50', 'Metres Gained', 'Marks', 'Behind Assists', 'Intercepts', 'Marks Inside 50', 'Goal Assists', 'Frees Agains', 'Tackles Inside 50', 'Handballs', 'Marks Outside 50', 'Time On Ground %', 'Rebound 50s', 'Disposal Efficiency %', 'Uncontested Marks']",0.9847276615664785,0.806477,0.806167,0.808498,0.129878,0.129984,0.129207,,,,60.08,26.0,42.0,MSELoss(),./,<function TabularDataFactory at 0x7cd1a613eb00>,<class 'PyTorch2Sklearn.utils.data.TabularDataset'>,Transformer,1.0,Regression,True,26.0,25.0,25.0
16.0,1.0,1.0,0.1,128.0,4.0,True,False,10.0,0.01,False,False,"['Effective Disposals', 'Disposals', 'Contested Possessions', 'Goals', 'Score Involvements', 'Hitouts', 'Kicks', 'Tackles', 'One Percenters', 'Clangers', 'Contested Marks', 'Tackles Outside 50', 'Metres Gained', 'Marks', 'Behind Assists', 'Intercepts', 'Marks Inside 50', 'Goal Assists', 'Frees Agains', 'Tackles Inside 50', 'Handballs', 'Marks Outside 50', 'Time On Ground %', 'Rebound 50s', 'Disposal Efficiency %', 'Uncontested Marks', 'Frees For']",0.9864022991207512,-0.002125,-0.002125,-0.002125,0.29555,0.295555,0.295571,,,,60.88,27.0,42.0,MSELoss(),./,<function TabularDataFactory at 0x7cd1a613eb00>,<class 'PyTorch2Sklearn.utils.data.TabularDataset'>,Transformer,1.0,Regression,True,27.0,26.0,26.0
16.0,1.0,1.0,0.1,128.0,4.0,True,False,10.0,0.01,False,False,"['Effective Disposals', 'Disposals', 'Contested Possessions', 'Goals', 'Score Involvements', 'Hitouts', 'Kicks', 'Tackles', 'One Percenters', 'Clangers', 'Contested Marks', 'Tackles Outside 50', 'Metres Gained', 'Marks', 'Behind Assists', 'Intercepts', 'Marks Inside 50', 'Goal Assists', 'Frees Agains', 'Tackles Inside 50', 'Handballs', 'Marks Outside 50', 'Time On Ground %', 'Rebound 50s', 'Disposal Efficiency %', 'Uncontested Marks', 'Frees For', 'Clearances']",0.9880071555759266,0.824656,0.825257,0.825867,0.123628,0.123418,0.123209,,,,63.02,28.0,42.0,MSELoss(),./,<function TabularDataFactory at 0x7cd1a613eb00>,<class 'PyTorch2Sklearn.utils.data.TabularDataset'>,Transformer,1.0,Regression,True,28.0,27.0,27.0
16.0,1.0,1.0,0.1,128.0,4.0,True,False,10.0,0.01,False,False,"['Effective Disposals', 'Disposals', 'Contested Possessions', 'Goals', 'Score Involvements', 'Hitouts', 'Kicks', 'Tackles', 'One Percenters', 'Clangers', 'Contested Marks', 'Tackles Outside 50', 'Metres Gained', 'Marks', 'Behind Assists', 'Intercepts', 'Marks Inside 50', 'Goal Assists', 'Frees Agains', 'Tackles Inside 50', 'Handballs', 'Marks Outside 50', 'Time On Ground %', 'Rebound 50s', 'Disposal Efficiency %', 'Uncontested Marks', 'Frees For', 'Clearances', 'Inside 50s']",0.989568451403329,-0.002124,-0.002124,-0.002124,0.29555,0.295555,0.29557,,,,63.21,29.0,42.0,MSELoss(),./,<function TabularDataFactory at 0x7cd1a613eb00>,<class 'PyTorch2Sklearn.utils.data.TabularDataset'>,Transformer,1.0,Regression,True,29.0,28.0,28.0
16.0,1.0,1.0,0.1,128.0,4.0,True,False,10.0,0.01,False,False,"['Effective Disposals', 'Disposals', 'Contested Possessions', 'Goals', 'Score Involvements', 'Hitouts', 'Kicks', 'Tackles', 'One Percenters', 'Clangers', 'Contested Marks', 'Tackles Outside 50', 'Metres Gained', 'Marks', 'Behind Assists', 'Intercepts', 'Marks Inside 50', 'Goal Assists', 'Frees Agains', 'Tackles Inside 50', 'Handballs', 'Marks Outside 50', 'Time On Ground %', 'Rebound 50s', 'Disposal Efficiency %', 'Uncontested Marks', 'Frees For', 'Clearances', 'Inside 50s', 'Turnovers']",0.9911132734549049,0.825557,0.826378,0.827397,0.123309,0.123021,0.122666,,,,65.24,30.0,42.0,MSELoss(),./,<function TabularDataFactory at 0x7cd1a613eb00>,<class 'PyTorch2Sklearn.utils.data.TabularDataset'>,Transformer,1.0,Regression,True,30.0,29.0,29.0
16.0,1.0,1.0,0.1,128.0,4.0,True,False,10.0,0.01,False,False,"['Effective Disposals', 'Disposals', 'Contested Possessions', 'Goals', 'Score Involvements', 'Hitouts', 'Kicks', 'Tackles', 'One Percenters', 'Clangers', 'Contested Marks', 'Tackles Outside 50', 'Metres Gained', 'Marks', 'Behind Assists', 'Intercepts', 'Marks Inside 50', 'Goal Assists', 'Frees Agains', 'Tackles Inside 50', 'Handballs', 'Marks Outside 50', 'Time On Ground %', 'Rebound 50s', 'Disposal Efficiency %', 'Uncontested Marks', 'Frees For', 'Clearances', 'Inside 50s', 'Turnovers', 'Bounces']",0.9926434124424229,-0.002128,-0.002128,-0.002128,0.29555,0.295555,0.295571,,,,67.25,31.0,42.0,MSELoss(),./,<function TabularDataFactory at 0x7cd1a613eb00>,<class 'PyTorch2Sklearn.utils.data.TabularDataset'>,Transformer,1.0,Regression,True,31.0,30.0,30.0
16.0,1.0,1.0,0.1,128.0,4.0,True,False,10.0,0.01,False,False,"['Effective Disposals', 'Disposals', 'Contested Possessions', 'Goals', 'Score Involvements', 'Hitouts', 'Kicks', 'Tackles', 'One Percenters', 'Clangers', 'Contested Marks', 'Tackles Outside 50', 'Metres Gained', 'Marks', 'Behind Assists', 'Intercepts', 'Marks Inside 50', 'Goal Assists', 'Frees Agains', 'Tackles Inside 50', 'Handballs', 'Marks Outside 50', 'Time On Ground %', 'Rebound 50s', 'Disposal Efficiency %', 'Uncontested Marks', 'Frees For', 'Clearances', 'Inside 50s', 'Turnovers', 'Bounces', 'Uncontested Possessions']",0.9941282512295924,-0.002125,-0.002125,-0.002125,0.29555,0.295555,0.295571,,,,69.93,32.0,42.0,MSELoss(),./,<function TabularDataFactory at 0x7cd1a613eb00>,<class 'PyTorch2Sklearn.utils.data.TabularDataset'>,Transformer,1.0,Regression,True,32.0,31.0,31.0
16.0,1.0,1.0,0.1,128.0,4.0,True,False,10.0,0.01,False,False,"['Effective Disposals', 'Disposals', 'Contested Possessions', 'Goals', 'Score Involvements', 'Hitouts', 'Kicks', 'Tackles', 'One Percenters', 'Clangers', 'Contested Marks', 'Tackles Outside 50', 'Metres Gained', 'Marks', 'Behind Assists', 'Intercepts', 'Marks Inside 50', 'Goal Assists', 'Frees Agains', 'Tackles Inside 50', 'Handballs', 'Marks Outside 50', 'Time On Ground %', 'Rebound 50s', 'Disposal Efficiency %', 'Uncontested Marks', 'Frees For', 'Clearances', 'Inside 50s', 'Turnovers', 'Bounces', 'Uncontested Possessions', 'Centre Clearances']",0.9954600443092163,0.825523,0.826124,0.8268,0.123321,0.123111,0.122878,,,,69.98,33.0,42.0,MSELoss(),./,<function TabularDataFactory at 0x7cd1a613eb00>,<class 'PyTorch2Sklearn.utils.data.TabularDataset'>,Transformer,1.0,Regression,True,33.0,32.0,32.0
16.0,1.0,1.0,0.1,128.0,4.0,True,False,10.0,0.01,False,False,"['Effective Disposals', 'Disposals', 'Contested Possessions', 'Goals', 'Score Involvements', 'Hitouts', 'Kicks', 'Tackles', 'One Percenters', 'Clangers', 'Contested Marks', 'Tackles Outside 50', 'Metres Gained', 'Marks', 'Behind Assists', 'Intercepts', 'Marks Inside 50', 'Goal Assists', 'Frees Agains', 'Tackles Inside 50', 'Handballs', 'Marks Outside 50', 'Time On Ground %', 'Rebound 50s', 'Disposal Efficiency %', 'Uncontested Marks', 'Frees For', 'Clearances', 'Inside 50s', 'Turnovers', 'Bounces', 'Uncontested Possessions', 'Centre Clearances', 'Behinds']",0.9967759764723418,0.88977,0.889217,0.890356,0.098021,0.098268,0.097767,,,,71.4,34.0,42.0,MSELoss(),./,<function TabularDataFactory at 0x7cd1a613eb00>,<class 'PyTorch2Sklearn.utils.data.TabularDataset'>,Transformer,1.0,Regression,True,34.0,33.0,33.0
16.0,1.0,1.0,0.1,128.0,4.0,True,False,10.0,0.01,False,False,"['Effective Disposals', 'Disposals', 'Contested Possessions', 'Goals', 'Score Involvements', 'Hitouts', 'Kicks', 'Tackles', 'One Percenters', 'Clangers', 'Contested Marks', 'Tackles Outside 50', 'Metres Gained', 'Marks', 'Behind Assists', 'Intercepts', 'Marks Inside 50', 'Goal Assists', 'Frees Agains', 'Tackles Inside 50', 'Handballs', 'Marks Outside 50', 'Time On Ground %', 'Rebound 50s', 'Disposal Efficiency %', 'Uncontested Marks', 'Frees For', 'Clearances', 'Inside 50s', 'Turnovers', 'Bounces', 'Uncontested Possessions', 'Centre Clearances', 'Behinds', 'Stoppage Clearances']",0.998079867999009,-0.002119,-0.002119,-0.002119,0.295549,0.295554,0.29557,,,,74.79,35.0,42.0,MSELoss(),./,<function TabularDataFactory at 0x7cd1a613eb00>,<class 'PyTorch2Sklearn.utils.data.TabularDataset'>,Transformer,1.0,Regression,True,35.0,34.0,34.0
16.0,1.0,1.0,0.1,128.0,4.0,True,False,10.0,0.01,False,False,"['Effective Disposals', 'Disposals', 'Contested Possessions', 'Goals', 'Score Involvements', 'Hitouts', 'Kicks', 'Tackles', 'One Percenters', 'Clangers', 'Contested Marks', 'Tackles Outside 50', 'Metres Gained', 'Marks', 'Behind Assists', 'Intercepts', 'Marks Inside 50', 'Goal Assists', 'Frees Agains', 'Tackles Inside 50', 'Handballs', 'Marks Outside 50', 'Time On Ground %', 'Rebound 50s', 'Disposal Efficiency %', 'Uncontested Marks', 'Frees For', 'Clearances', 'Inside 50s', 'Turnovers', 'Bounces', 'Uncontested Possessions', 'Centre Clearances', 'Behinds', 'Stoppage Clearances', 'Ineffective Disposals']",0.999192674212217,-0.002127,-0.002127,-0.002127,0.29555,0.295555,0.295571,,,,73.81,36.0,42.0,MSELoss(),./,<function TabularDataFactory at 0x7cd1a613eb00>,<class 'PyTorch2Sklearn.utils.data.TabularDataset'>,Transformer,1.0,Regression,True,36.0,35.0,35.0
16.0,1.0,1.0,0.1,128.0,4.0,True,False,10.0,0.01,False,False,"['Effective Disposals', 'Disposals', 'Contested Possessions', 'Goals', 'Score Involvements', 'Hitouts', 'Kicks', 'Tackles', 'One Percenters', 'Clangers', 'Contested Marks', 'Tackles Outside 50', 'Metres Gained', 'Marks', 'Behind Assists', 'Intercepts', 'Marks Inside 50', 'Goal Assists', 'Frees Agains', 'Tackles Inside 50', 'Handballs', 'Marks Outside 50', 'Time On Ground %', 'Rebound 50s', 'Disposal Efficiency %', 'Uncontested Marks', 'Frees For', 'Clearances', 'Inside 50s', 'Turnovers', 'Bounces', 'Uncontested Possessions', 'Centre Clearances', 'Behinds', 'Stoppage Clearances', 'Ineffective Disposals', 'Winloss']",1.0000000000000002,0.819395,0.819563,0.820666,0.125468,0.125412,0.125035,,,,74.99,37.0,42.0,MSELoss(),./,<function TabularDataFactory at 0x7cd1a613eb00>,<class 'PyTorch2Sklearn.utils.data.TabularDataset'>,Transformer,1.0,Regression,True,37.0,36.0,36.0
16.0,2.0,1.0,0.1,128.0,4.0,True,False,10.0,0.01,False,False,"['Effective Disposals', 'Disposals', 'Contested Possessions', 'Goals', 'Score Involvements', 'Hitouts', 'Kicks', 'Tackles', 'One Percenters', 'Clangers', 'Contested Marks', 'Tackles Outside 50', 'Metres Gained', 'Marks', 'Behind Assists']",0.9565296687326265,0.893179,0.893171,0.89344,0.096493,0.096499,0.096382,,,,52.62,15.0,42.0,MSELoss(),./,<function TabularDataFactory at 0x7cd1a613eb00>,<class 'PyTorch2Sklearn.utils.data.TabularDataset'>,Transformer,1.0,Regression,True,15.0,14.0,37.0
16.0,3.0,1.0,0.1,128.0,4.0,True,False,10.0,0.01,False,False,"['Effective Disposals', 'Disposals', 'Contested Possessions', 'Goals', 'Score Involvements', 'Hitouts', 'Kicks', 'Tackles', 'One Percenters', 'Clangers', 'Contested Marks', 'Tackles Outside 50', 'Metres Gained', 'Marks', 'Behind Assists']",0.9565296687326265,0.889844,0.889122,0.891822,0.097988,0.09831,0.097111,,,,59.95,15.0,42.0,MSELoss(),./,<function TabularDataFactory at 0x7cd1a613eb00>,<class 'PyTorch2Sklearn.utils.data.TabularDataset'>,Transformer,1.0,Regression,True,15.0,14.0,38.0
16.0,2.0,2.0,0.1,128.0,4.0,True,False,10.0,0.01,False,False,"['Effective Disposals', 'Disposals', 'Contested Possessions', 'Goals', 'Score Involvements', 'Hitouts', 'Kicks', 'Tackles', 'One Percenters', 'Clangers', 'Contested Marks', 'Tackles Outside 50', 'Metres Gained', 'Marks', 'Behind Assists']",0.9565296687326265,0.893179,0.893171,0.89344,0.096493,0.096499,0.096382,,,,51.91,15.0,42.0,MSELoss(),./,<function TabularDataFactory at 0x7cd1a613eb00>,<class 'PyTorch2Sklearn.utils.data.TabularDataset'>,Transformer,1.0,Regression,True,15.0,14.0,39.0
16.0,2.0,3.0,0.1,128.0,4.0,True,False,10.0,0.01,False,False,"['Effective Disposals', 'Disposals', 'Contested Possessions', 'Goals', 'Score Involvements', 'Hitouts', 'Kicks', 'Tackles', 'One Percenters', 'Clangers', 'Contested Marks', 'Tackles Outside 50', 'Metres Gained', 'Marks', 'Behind Assists']",0.9565296687326265,0.886113,0.886212,0.88668,0.099634,0.099592,0.099392,,,,53.07,15.0,42.0,MSELoss(),./,<function TabularDataFactory at 0x7cd1a613eb00>,<class 'PyTorch2Sklearn.utils.data.TabularDataset'>,Transformer,1.0,Regression,True,15.0,14.0,40.0
16.0,2.0,1.0,0.1,128.0,2.0,True,False,10.0,0.01,False,False,"['Effective Disposals', 'Disposals', 'Contested Possessions', 'Goals', 'Score Involvements', 'Hitouts', 'Kicks', 'Tackles', 'One Percenters', 'Clangers', 'Contested Marks', 'Tackles Outside 50', 'Metres Gained', 'Marks', 'Behind Assists']",0.9565296687326265,0.87816,0.877754,0.878499,0.103054,0.103227,0.102918,,,,53.13,15.0,42.0,MSELoss(),./,<function TabularDataFactory at 0x7cd1a613eb00>,<class 'PyTorch2Sklearn.utils.data.TabularDataset'>,Transformer,1.0,Regression,True,15.0,14.0,41.0
16.0,2.0,1.0,0.1,128.0,8.0,True,False,10.0,0.01,False,False,"['Effective Disposals', 'Disposals', 'Contested Possessions', 'Goals', 'Score Involvements', 'Hitouts', 'Kicks', 'Tackles', 'One Percenters', 'Clangers', 'Contested Marks', 'Tackles Outside 50', 'Metres Gained', 'Marks', 'Behind Assists']",0.9565296687326265,0.890561,0.890099,0.890887,0.097669,0.097876,0.09753,,,,51.89,15.0,42.0,MSELoss(),./,<function TabularDataFactory at 0x7cd1a613eb00>,<class 'PyTorch2Sklearn.utils.data.TabularDataset'>,Transformer,1.0,Regression,True,15.0,14.0,42.0
16.0,2.0,1.0,0.1,128.0,16.0,True,False,10.0,0.01,False,False,"['Effective Disposals', 'Disposals', 'Contested Possessions', 'Goals', 'Score Involvements', 'Hitouts', 'Kicks', 'Tackles', 'One Percenters', 'Clangers', 'Contested Marks', 'Tackles Outside 50', 'Metres Gained', 'Marks', 'Behind Assists']",0.9565296687326265,0.887882,0.887776,0.888737,0.098857,0.098905,0.098486,,,,51.81,15.0,42.0,MSELoss(),./,<function TabularDataFactory at 0x7cd1a613eb00>,<class 'PyTorch2Sklearn.utils.data.TabularDataset'>,Transformer,1.0,Regression,True,15.0,14.0,43.0
32.0,2.0,1.0,0.1,128.0,4.0,True,False,10.0,0.01,False,False,"['Effective Disposals', 'Disposals', 'Contested Possessions', 'Goals', 'Score Involvements', 'Hitouts', 'Kicks', 'Tackles', 'One Percenters', 'Clangers', 'Contested Marks', 'Tackles Outside 50', 'Metres Gained', 'Marks', 'Behind Assists']",0.9565296687326265,0.865887,0.865915,0.866811,0.10812,0.10811,0.107754,,,,52.37,15.0,42.0,MSELoss(),./,<function TabularDataFactory at 0x7cd1a613eb00>,<class 'PyTorch2Sklearn.utils.data.TabularDataset'>,Transformer,1.0,Regression,True,15.0,14.0,44.0
64.0,2.0,1.0,0.1,128.0,4.0,True,False,10.0,0.01,False,False,"['Effective Disposals', 'Disposals', 'Contested Possessions', 'Goals', 'Score Involvements', 'Hitouts', 'Kicks', 'Tackles', 'One Percenters', 'Clangers', 'Contested Marks', 'Tackles Outside 50', 'Metres Gained', 'Marks', 'Behind Assists']",0.9565296687326265,0.814131,0.814118,0.8176,0.127284,0.127291,0.126099,,,,51.91,15.0,42.0,MSELoss(),./,<function TabularDataFactory at 0x7cd1a613eb00>,<class 'PyTorch2Sklearn.utils.data.TabularDataset'>,Transformer,1.0,Regression,True,15.0,14.0,45.0
128.0,2.0,1.0,0.1,128.0,4.0,True,False,10.0,0.01,False,False,"['Effective Disposals', 'Disposals', 'Contested Possessions', 'Goals', 'Score Involvements', 'Hitouts', 'Kicks', 'Tackles', 'One Percenters', 'Clangers', 'Contested Marks', 'Tackles Outside 50', 'Metres Gained', 'Marks', 'Behind Assists']",0.9565296687326265,0.820728,0.822675,0.82386,0.125004,0.124326,0.123917,,,,53.12,15.0,42.0,MSELoss(),./,<function TabularDataFactory at 0x7cd1a613eb00>,<class 'PyTorch2Sklearn.utils.data.TabularDataset'>,Transformer,1.0,Regression,True,15.0,14.0,46.0
256.0,2.0,1.0,0.1,128.0,4.0,True,False,10.0,0.01,False,False,"['Effective Disposals', 'Disposals', 'Contested Possessions', 'Goals', 'Score Involvements', 'Hitouts', 'Kicks', 'Tackles', 'One Percenters', 'Clangers', 'Contested Marks', 'Tackles Outside 50', 'Metres Gained', 'Marks', 'Behind Assists']",0.9565296687326265,-0.010409,-0.010409,-0.010408,0.296769,0.296774,0.29679,,,,58.83,15.0,42.0,MSELoss(),./,<function TabularDataFactory at 0x7cd1a613eb00>,<class 'PyTorch2Sklearn.utils.data.TabularDataset'>,Transformer,1.0,Regression,True,15.0,14.0,47.0
16.0,2.0,1.0,0.0,128.0,4.0,True,False,10.0,0.01,False,False,"['Effective Disposals', 'Disposals', 'Contested Possessions', 'Goals', 'Score Involvements', 'Hitouts', 'Kicks', 'Tackles', 'One Percenters', 'Clangers', 'Contested Marks', 'Tackles Outside 50', 'Metres Gained', 'Marks', 'Behind Assists']",0.9565296687326265,0.889848,0.889527,0.890838,0.097986,0.098131,0.097552,,,,47.24,15.0,42.0,MSELoss(),./,<function TabularDataFactory at 0x7cd1a613eb00>,<class 'PyTorch2Sklearn.utils.data.TabularDataset'>,Transformer,1.0,Regression,True,15.0,14.0,48.0
16.0,2.0,1.0,0.05,128.0,4.0,True,False,10.0,0.01,False,False,"['Effective Disposals', 'Disposals', 'Contested Possessions', 'Goals', 'Score Involvements', 'Hitouts', 'Kicks', 'Tackles', 'One Percenters', 'Clangers', 'Contested Marks', 'Tackles Outside 50', 'Metres Gained', 'Marks', 'Behind Assists']",0.9565296687326265,0.887312,0.887144,0.888096,0.099108,0.099183,0.098769,,,,52.45,15.0,42.0,MSELoss(),./,<function TabularDataFactory at 0x7cd1a613eb00>,<class 'PyTorch2Sklearn.utils.data.TabularDataset'>,Transformer,1.0,Regression,True,15.0,14.0,49.0
16.0,2.0,1.0,0.2,128.0,4.0,True,False,10.0,0.01,False,False,"['Effective Disposals', 'Disposals', 'Contested Possessions', 'Goals', 'Score Involvements', 'Hitouts', 'Kicks', 'Tackles', 'One Percenters', 'Clangers', 'Contested Marks', 'Tackles Outside 50', 'Metres Gained', 'Marks', 'Behind Assists']",0.9565296687326265,0.885608,0.885396,0.887134,0.099854,0.099949,0.099193,,,,53.3,15.0,42.0,MSELoss(),./,<function TabularDataFactory at 0x7cd1a613eb00>,<class 'PyTorch2Sklearn.utils.data.TabularDataset'>,Transformer,1.0,Regression,True,15.0,14.0,50.0
16.0,2.0,1.0,0.1,128.0,4.0,False,False,10.0,0.01,False,False,"['Effective Disposals', 'Disposals', 'Contested Possessions', 'Goals', 'Score Involvements', 'Hitouts', 'Kicks', 'Tackles', 'One Percenters', 'Clangers', 'Contested Marks', 'Tackles Outside 50', 'Metres Gained', 'Marks', 'Behind Assists']",0.9565296687326265,0.886212,0.885358,0.887067,0.09959,0.099965,0.099222,,,,53.48,15.0,42.0,MSELoss(),./,<function TabularDataFactory at 0x7cd1a613eb00>,<class 'PyTorch2Sklearn.utils.data.TabularDataset'>,Transformer,1.0,Regression,True,15.0,14.0,51.0
16.0,2.0,1.0,0.1,128.0,4.0,True,True,10.0,0.01,False,False,"['Effective Disposals', 'Disposals', 'Contested Possessions', 'Goals', 'Score Involvements', 'Hitouts', 'Kicks', 'Tackles', 'One Percenters', 'Clangers', 'Contested Marks', 'Tackles Outside 50', 'Metres Gained', 'Marks', 'Behind Assists']",0.9565296687326265,-0.002103,-0.002103,-0.002102,0.295546,0.295552,0.295567,,,,46.53,15.0,42.0,MSELoss(),./,<function TabularDataFactory at 0x7cd1a613eb00>,<class 'PyTorch2Sklearn.utils.data.TabularDataset'>,Transformer,1.0,Regression,True,15.0,14.0,52.0
16.0,2.0,1.0,0.1,128.0,4.0,True,False,10.0,0.01,True,False,"['Effective Disposals', 'Disposals', 'Contested Possessions', 'Goals', 'Score Involvements', 'Hitouts', 'Kicks', 'Tackles', 'One Percenters', 'Clangers', 'Contested Marks', 'Tackles Outside 50', 'Metres Gained', 'Marks', 'Behind Assists']",0.9565296687326265,0.885658,0.885326,0.886688,0.099833,0.099979,0.099389,,,,63.53,15.0,42.0,MSELoss(),./,<function TabularDataFactory at 0x7cd1a613eb00>,<class 'PyTorch2Sklearn.utils.data.TabularDataset'>,Transformer,1.0,Regression,True,15.0,14.0,53.0
16.0,2.0,1.0,0.1,128.0,4.0,True,False,10.0,0.01,False,True,"['Effective Disposals', 'Disposals', 'Contested Possessions', 'Goals', 'Score Involvements', 'Hitouts', 'Kicks', 'Tackles', 'One Percenters', 'Clangers', 'Contested Marks', 'Tackles Outside 50', 'Metres Gained', 'Marks', 'Behind Assists']",0.9565296687326265,0.882472,0.881994,0.883277,0.101214,0.101421,0.100874,,,,54.27,15.0,42.0,MSELoss(),./,<function TabularDataFactory at 0x7cd1a613eb00>,<class 'PyTorch2Sklearn.utils.data.TabularDataset'>,Transformer,1.0,Regression,True,15.0,14.0,54.0
16.0,2.0,1.0,0.1,128.0,4.0,True,False,10.0,1e-05,False,False,"['Effective Disposals', 'Disposals', 'Contested Possessions', 'Goals', 'Score Involvements', 'Hitouts', 'Kicks', 'Tackles', 'One Percenters', 'Clangers', 'Contested Marks', 'Tackles Outside 50', 'Metres Gained', 'Marks', 'Behind Assists']",0.9565296687326265,0.870505,0.872146,0.875113,0.106242,0.105568,0.104342,,,,51.78,15.0,42.0,MSELoss(),./,<function TabularDataFactory at 0x7cd1a613eb00>,<class 'PyTorch2Sklearn.utils.data.TabularDataset'>,Transformer,1.0,Regression,True,15.0,14.0,55.0
16.0,2.0,1.0,0.1,128.0,4.0,True,False,10.0,0.0001,False,False,"['Effective Disposals', 'Disposals', 'Contested Possessions', 'Goals', 'Score Involvements', 'Hitouts', 'Kicks', 'Tackles', 'One Percenters', 'Clangers', 'Contested Marks', 'Tackles Outside 50', 'Metres Gained', 'Marks', 'Behind Assists']",0.9565296687326265,0.885504,0.885523,0.886995,0.0999,0.099893,0.099254,,,,51.74,15.0,42.0,MSELoss(),./,<function TabularDataFactory at 0x7cd1a613eb00>,<class 'PyTorch2Sklearn.utils.data.TabularDataset'>,Transformer,1.0,Regression,True,15.0,14.0,56.0
16.0,2.0,1.0,0.1,128.0,4.0,True,False,10.0,0.001,False,False,"['Effective Disposals', 'Disposals', 'Contested Possessions', 'Goals', 'Score Involvements', 'Hitouts', 'Kicks', 'Tackles', 'One Percenters', 'Clangers', 'Contested Marks', 'Tackles Outside 50', 'Metres Gained', 'Marks', 'Behind Assists']",0.9565296687326265,0.888556,0.888689,0.889696,0.09856,0.098502,0.098061,,,,51.92,15.0,42.0,MSELoss(),./,<function TabularDataFactory at 0x7cd1a613eb00>,<class 'PyTorch2Sklearn.utils.data.TabularDataset'>,Transformer,1.0,Regression,True,15.0,14.0,57.0
16.0,2.0,1.0,0.1,128.0,4.0,True,False,10.0,0.1,False,False,"['Effective Disposals', 'Disposals', 'Contested Possessions', 'Goals', 'Score Involvements', 'Hitouts', 'Kicks', 'Tackles', 'One Percenters', 'Clangers', 'Contested Marks', 'Tackles Outside 50', 'Metres Gained', 'Marks', 'Behind Assists']",0.9565296687326265,-0.013472,-0.013471,-0.01347,0.297218,0.297223,0.297239,,,,51.79,15.0,42.0,MSELoss(),./,<function TabularDataFactory at 0x7cd1a613eb00>,<class 'PyTorch2Sklearn.utils.data.TabularDataset'>,Transformer,1.0,Regression,True,15.0,14.0,58.0
16.0,2.0,1.0,0.1,128.0,4.0,True,False,5.0,0.01,False,False,"['Effective Disposals', 'Disposals', 'Contested Possessions', 'Goals', 'Score Involvements', 'Hitouts', 'Kicks', 'Tackles', 'One Percenters', 'Clangers', 'Contested Marks', 'Tackles Outside 50', 'Metres Gained', 'Marks', 'Behind Assists']",0.9565296687326265,0.796464,0.797143,0.799496,0.133196,0.132976,0.132209,,,,25.82,15.0,42.0,MSELoss(),./,<function TabularDataFactory at 0x7cd1a613eb00>,<class 'PyTorch2Sklearn.utils.data.TabularDataset'>,Transformer,1.0,Regression,True,15.0,14.0,59.0
16.0,2.0,1.0,0.1,128.0,4.0,True,False,20.0,0.01,False,False,"['Effective Disposals', 'Disposals', 'Contested Possessions', 'Goals', 'Score Involvements', 'Hitouts', 'Kicks', 'Tackles', 'One Percenters', 'Clangers', 'Contested Marks', 'Tackles Outside 50', 'Metres Gained', 'Marks', 'Behind Assists']",0.9565296687326265,0.864024,0.863933,0.864238,0.108868,0.108907,0.10879,,,,103.19,15.0,42.0,MSELoss(),./,<function TabularDataFactory at 0x7cd1a613eb00>,<class 'PyTorch2Sklearn.utils.data.TabularDataset'>,Transformer,1.0,Regression,True,15.0,14.0,60.0
16.0,2.0,1.0,0.1,128.0,4.0,True,False,30.0,0.01,False,False,"['Effective Disposals', 'Disposals', 'Contested Possessions', 'Goals', 'Score Involvements', 'Hitouts', 'Kicks', 'Tackles', 'One Percenters', 'Clangers', 'Contested Marks', 'Tackles Outside 50', 'Metres Gained', 'Marks', 'Behind Assists']",0.9565296687326265,0.891328,0.891198,0.89076,0.097326,0.097386,0.097587,,,,155.13,15.0,42.0,MSELoss(),./,<function TabularDataFactory at 0x7cd1a613eb00>,<class 'PyTorch2Sklearn.utils.data.TabularDataset'>,Transformer,1.0,Regression,True,15.0,14.0,61.0
16.0,2.0,1.0,0.1,32.0,4.0,True,False,10.0,0.01,False,False,"['Effective Disposals', 'Disposals', 'Contested Possessions', 'Goals', 'Score Involvements', 'Hitouts', 'Kicks', 'Tackles', 'One Percenters', 'Clangers', 'Contested Marks', 'Tackles Outside 50', 'Metres Gained', 'Marks', 'Behind Assists']",0.9565296687326265,-0.008116,-0.008116,-0.008115,0.296432,0.296437,0.296453,,,,193.32,15.0,42.0,MSELoss(),./,<function TabularDataFactory at 0x7cd1a613eb00>,<class 'PyTorch2Sklearn.utils.data.TabularDataset'>,Transformer,1.0,Regression,True,15.0,14.0,62.0
16.0,2.0,1.0,0.1,512.0,4.0,True,False,10.0,0.01,False,False,"['Effective Disposals', 'Disposals', 'Contested Possessions', 'Goals', 'Score Involvements', 'Hitouts', 'Kicks', 'Tackles', 'One Percenters', 'Clangers', 'Contested Marks', 'Tackles Outside 50', 'Metres Gained', 'Marks', 'Behind Assists']",0.9565296687326265,0.814816,0.815546,0.81741,0.127049,0.126801,0.126165,,,,19.03,15.0,42.0,MSELoss(),./,<function TabularDataFactory at 0x7cd1a613eb00>,<class 'PyTorch2Sklearn.utils.data.TabularDataset'>,Transformer,1.0,Regression,True,15.0,14.0,63.0
16.0,2.0,1.0,0.1,1024.0,4.0,True,False,10.0,0.01,False,False,"['Effective Disposals', 'Disposals', 'Contested Possessions', 'Goals', 'Score Involvements', 'Hitouts', 'Kicks', 'Tackles', 'One Percenters', 'Clangers', 'Contested Marks', 'Tackles Outside 50', 'Metres Gained', 'Marks', 'Behind Assists']",0.9565296687326265,0.812371,0.813305,0.815399,0.127885,0.127569,0.126858,,,,23.9,15.0,42.0,MSELoss(),./,<function TabularDataFactory at 0x7cd1a613eb00>,<class 'PyTorch2Sklearn.utils.data.TabularDataset'>,Transformer,1.0,Regression,True,15.0,14.0,64.0
16.0,2.0,1.0,0.1,2048.0,4.0,True,False,10.0,0.01,False,False,"['Effective Disposals', 'Disposals', 'Contested Possessions', 'Goals', 'Score Involvements', 'Hitouts', 'Kicks', 'Tackles', 'One Percenters', 'Clangers', 'Contested Marks', 'Tackles Outside 50', 'Metres Gained', 'Marks', 'Behind Assists']",0.9565296687326265,0.809924,0.810997,0.813361,0.128716,0.128354,0.127556,,,,41.16,15.0,42.0,MSELoss(),./,<function TabularDataFactory at 0x7cd1a613eb00>,<class 'PyTorch2Sklearn.utils.data.TabularDataset'>,Transformer,1.0,Regression,True,15.0,14.0,65.0
16.0,2.0,1.0,0.1,4096.0,4.0,True,False,10.0,0.01,False,False,"['Effective Disposals', 'Disposals', 'Contested Possessions', 'Goals', 'Score Involvements', 'Hitouts', 'Kicks', 'Tackles', 'One Percenters', 'Clangers', 'Contested Marks', 'Tackles Outside 50', 'Metres Gained', 'Marks', 'Behind Assists']",0.9565296687326265,0.8,0.800866,0.803868,0.132034,0.13175,0.13076,,,,75.11,15.0,42.0,MSELoss(),./,<function TabularDataFactory at 0x7cd1a613eb00>,<class 'PyTorch2Sklearn.utils.data.TabularDataset'>,Transformer,1.0,Regression,True,15.0,14.0,66.0
16.0,2.0,1.0,0.1,128.0,4.0,True,False,10.0,0.01,False,False,['Effective Disposals'],0.44653042996227005,0.580353,0.579887,0.581101,0.191254,0.191364,0.191097,,,,29.27,1.0,42.0,MSELoss(),./,<function TabularDataFactory at 0x7cd1a613eb00>,<class 'PyTorch2Sklearn.utils.data.TabularDataset'>,Transformer,1.0,Regression,True,1.0,0.0,67.0
16.0,2.0,1.0,0.1,128.0,4.0,True,False,10.0,0.01,False,False,"['Effective Disposals', 'Disposals']",0.5902700666140068,0.603796,0.603801,0.604445,0.185836,0.185838,0.185697,,,,32.55,2.0,42.0,MSELoss(),./,<function TabularDataFactory at 0x7cd1a613eb00>,<class 'PyTorch2Sklearn.utils.data.TabularDataset'>,Transformer,1.0,Regression,True,2.0,1.0,68.0
16.0,2.0,1.0,0.1,128.0,4.0,True,False,10.0,0.01,False,False,"['Effective Disposals', 'Disposals', 'Contested Possessions']",0.6884421836299831,0.670849,0.669814,0.677344,0.169382,0.169651,0.167714,,,,33.08,3.0,42.0,MSELoss(),./,<function TabularDataFactory at 0x7cd1a613eb00>,<class 'PyTorch2Sklearn.utils.data.TabularDataset'>,Transformer,1.0,Regression,True,3.0,2.0,69.0
16.0,2.0,1.0,0.1,128.0,4.0,True,False,10.0,0.01,False,False,"['Effective Disposals', 'Disposals', 'Contested Possessions', 'Goals']",0.7573402957514369,0.747562,0.74388,0.748708,0.148336,0.149417,0.14801,,,,35.56,4.0,42.0,MSELoss(),./,<function TabularDataFactory at 0x7cd1a613eb00>,<class 'PyTorch2Sklearn.utils.data.TabularDataset'>,Transformer,1.0,Regression,True,4.0,3.0,70.0
16.0,2.0,1.0,0.1,128.0,4.0,True,False,10.0,0.01,False,False,"['Effective Disposals', 'Disposals', 'Contested Possessions', 'Goals', 'Score Involvements']",0.7965879020682821,0.747179,0.742246,0.747975,0.148449,0.149893,0.148225,,,,37.04,5.0,42.0,MSELoss(),./,<function TabularDataFactory at 0x7cd1a613eb00>,<class 'PyTorch2Sklearn.utils.data.TabularDataset'>,Transformer,1.0,Regression,True,5.0,4.0,71.0
16.0,2.0,1.0,0.1,128.0,4.0,True,False,10.0,0.01,False,False,"['Effective Disposals', 'Disposals', 'Contested Possessions', 'Goals', 'Score Involvements', 'Hitouts']",0.8334493582092865,0.783592,0.779055,0.782629,0.137343,0.138777,0.137658,,,,38.35,6.0,42.0,MSELoss(),./,<function TabularDataFactory at 0x7cd1a613eb00>,<class 'PyTorch2Sklearn.utils.data.TabularDataset'>,Transformer,1.0,Regression,True,6.0,5.0,72.0
16.0,2.0,1.0,0.1,128.0,4.0,True,False,10.0,0.01,False,False,"['Effective Disposals', 'Disposals', 'Contested Possessions', 'Goals', 'Score Involvements', 'Hitouts', 'Kicks']",0.8643600434499222,-0.002121,-0.002121,-0.00212,0.295549,0.295554,0.29557,,,,39.58,7.0,42.0,MSELoss(),./,<function TabularDataFactory at 0x7cd1a613eb00>,<class 'PyTorch2Sklearn.utils.data.TabularDataset'>,Transformer,1.0,Regression,True,7.0,6.0,73.0
16.0,2.0,1.0,0.1,128.0,4.0,True,False,10.0,0.01,False,False,"['Effective Disposals', 'Disposals', 'Contested Possessions', 'Goals', 'Score Involvements', 'Hitouts', 'Kicks', 'Tackles']",0.8888584293867895,0.828704,0.823933,0.827968,0.122192,0.123884,0.122463,,,,41.05,8.0,42.0,MSELoss(),./,<function TabularDataFactory at 0x7cd1a613eb00>,<class 'PyTorch2Sklearn.utils.data.TabularDataset'>,Transformer,1.0,Regression,True,8.0,7.0,74.0
16.0,2.0,1.0,0.1,128.0,4.0,True,False,10.0,0.01,False,False,"['Effective Disposals', 'Disposals', 'Contested Possessions', 'Goals', 'Score Involvements', 'Hitouts', 'Kicks', 'Tackles', 'One Percenters']",0.908246584633331,0.858151,0.855065,0.858246,0.111194,0.112399,0.111165,,,,42.56,9.0,42.0,MSELoss(),./,<function TabularDataFactory at 0x7cd1a613eb00>,<class 'PyTorch2Sklearn.utils.data.TabularDataset'>,Transformer,1.0,Regression,True,9.0,8.0,75.0
16.0,2.0,1.0,0.1,128.0,4.0,True,False,10.0,0.01,False,False,"['Effective Disposals', 'Disposals', 'Contested Possessions', 'Goals', 'Score Involvements', 'Hitouts', 'Kicks', 'Tackles', 'One Percenters', 'Clangers']",0.9217247970433559,0.874123,0.873682,0.875319,0.104747,0.104932,0.104256,,,,44.26,10.0,42.0,MSELoss(),./,<function TabularDataFactory at 0x7cd1a613eb00>,<class 'PyTorch2Sklearn.utils.data.TabularDataset'>,Transformer,1.0,Regression,True,10.0,9.0,76.0
16.0,2.0,1.0,0.1,128.0,4.0,True,False,10.0,0.01,False,False,"['Effective Disposals', 'Disposals', 'Contested Possessions', 'Goals', 'Score Involvements', 'Hitouts', 'Kicks', 'Tackles', 'One Percenters', 'Clangers', 'Contested Marks']",0.9296124325660999,0.867438,0.867314,0.868914,0.107493,0.107545,0.1069,,,,45.22,11.0,42.0,MSELoss(),./,<function TabularDataFactory at 0x7cd1a613eb00>,<class 'PyTorch2Sklearn.utils.data.TabularDataset'>,Transformer,1.0,Regression,True,11.0,10.0,77.0
16.0,2.0,1.0,0.1,128.0,4.0,True,False,10.0,0.01,False,False,"['Effective Disposals', 'Disposals', 'Contested Possessions', 'Goals', 'Score Involvements', 'Hitouts', 'Kicks', 'Tackles', 'One Percenters', 'Clangers', 'Contested Marks', 'Tackles Outside 50']",0.9370952172710802,0.880889,0.879865,0.881493,0.101893,0.102332,0.101642,,,,47.24,12.0,42.0,MSELoss(),./,<function TabularDataFactory at 0x7cd1a613eb00>,<class 'PyTorch2Sklearn.utils.data.TabularDataset'>,Transformer,1.0,Regression,True,12.0,11.0,78.0
16.0,2.0,1.0,0.1,128.0,4.0,True,False,10.0,0.01,False,False,"['Effective Disposals', 'Disposals', 'Contested Possessions', 'Goals', 'Score Involvements', 'Hitouts', 'Kicks', 'Tackles', 'One Percenters', 'Clangers', 'Contested Marks', 'Tackles Outside 50', 'Metres Gained']",0.9437985228266181,0.864418,0.864295,0.866203,0.10871,0.108761,0.108,,,,49.22,13.0,42.0,MSELoss(),./,<function TabularDataFactory at 0x7cd1a613eb00>,<class 'PyTorch2Sklearn.utils.data.TabularDataset'>,Transformer,1.0,Regression,True,13.0,12.0,79.0
16.0,2.0,1.0,0.1,128.0,4.0,True,False,10.0,0.01,False,False,"['Effective Disposals', 'Disposals', 'Contested Possessions', 'Goals', 'Score Involvements', 'Hitouts', 'Kicks', 'Tackles', 'One Percenters', 'Clangers', 'Contested Marks', 'Tackles Outside 50', 'Metres Gained', 'Marks']",0.9503332272292372,0.882155,0.881694,0.882647,0.101351,0.10155,0.101146,,,,51.03,14.0,42.0,MSELoss(),./,<function TabularDataFactory at 0x7cd1a613eb00>,<class 'PyTorch2Sklearn.utils.data.TabularDataset'>,Transformer,1.0,Regression,True,14.0,13.0,80.0
16.0,2.0,1.0,0.1,128.0,4.0,True,False,10.0,0.01,False,False,"['Effective Disposals', 'Disposals', 'Contested Possessions', 'Goals', 'Score Involvements', 'Hitouts', 'Kicks', 'Tackles', 'One Percenters', 'Clangers', 'Contested Marks', 'Tackles Outside 50', 'Metres Gained', 'Marks', 'Behind Assists', 'Intercepts']",0.9611499564974357,-0.002126,-0.002126,-0.002125,0.29555,0.295555,0.295571,,,,52.58,16.0,42.0,MSELoss(),./,<function TabularDataFactory at 0x7cd1a613eb00>,<class 'PyTorch2Sklearn.utils.data.TabularDataset'>,Transformer,1.0,Regression,True,16.0,15.0,81.0
16.0,2.0,1.0,0.1,128.0,4.0,True,False,10.0,0.01,False,False,"['Effective Disposals', 'Disposals', 'Contested Possessions', 'Goals', 'Score Involvements', 'Hitouts', 'Kicks', 'Tackles', 'One Percenters', 'Clangers', 'Contested Marks', 'Tackles Outside 50', 'Metres Gained', 'Marks', 'Behind Assists', 'Intercepts', 'Marks Inside 50']",0.9645858003064073,-0.002119,-0.002119,-0.002119,0.295549,0.295554,0.29557,,,,55.77,17.0,42.0,MSELoss(),./,<function TabularDataFactory at 0x7cd1a613eb00>,<class 'PyTorch2Sklearn.utils.data.TabularDataset'>,Transformer,1.0,Regression,True,17.0,16.0,82.0
16.0,2.0,1.0,0.1,128.0,4.0,True,False,10.0,0.01,False,False,"['Effective Disposals', 'Disposals', 'Contested Possessions', 'Goals', 'Score Involvements', 'Hitouts', 'Kicks', 'Tackles', 'One Percenters', 'Clangers', 'Contested Marks', 'Tackles Outside 50', 'Metres Gained', 'Marks', 'Behind Assists', 'Intercepts', 'Marks Inside 50', 'Goal Assists']",0.9673770870917229,-0.002109,-0.002109,-0.002108,0.295547,0.295552,0.295568,,,,58.79,18.0,42.0,MSELoss(),./,<function TabularDataFactory at 0x7cd1a613eb00>,<class 'PyTorch2Sklearn.utils.data.TabularDataset'>,Transformer,1.0,Regression,True,18.0,17.0,83.0
16.0,2.0,1.0,0.1,128.0,4.0,True,False,10.0,0.01,False,False,"['Effective Disposals', 'Disposals', 'Contested Possessions', 'Goals', 'Score Involvements', 'Hitouts', 'Kicks', 'Tackles', 'One Percenters', 'Clangers', 'Contested Marks', 'Tackles Outside 50', 'Metres Gained', 'Marks', 'Behind Assists', 'Intercepts', 'Marks Inside 50', 'Goal Assists', 'Frees Agains']",0.9701515001846404,0.819191,0.81984,0.821105,0.125539,0.125316,0.124882,,,,58.05,19.0,42.0,MSELoss(),./,<function TabularDataFactory at 0x7cd1a613eb00>,<class 'PyTorch2Sklearn.utils.data.TabularDataset'>,Transformer,1.0,Regression,True,19.0,18.0,84.0
16.0,2.0,1.0,0.1,128.0,4.0,True,False,10.0,0.01,False,False,"['Effective Disposals', 'Disposals', 'Contested Possessions', 'Goals', 'Score Involvements', 'Hitouts', 'Kicks', 'Tackles', 'One Percenters', 'Clangers', 'Contested Marks', 'Tackles Outside 50', 'Metres Gained', 'Marks', 'Behind Assists', 'Intercepts', 'Marks Inside 50', 'Goal Assists', 'Frees Agains', 'Tackles Inside 50']",0.9727234836103577,0.860742,0.860555,0.860853,0.110174,0.11025,0.110138,,,,59.62,20.0,42.0,MSELoss(),./,<function TabularDataFactory at 0x7cd1a613eb00>,<class 'PyTorch2Sklearn.utils.data.TabularDataset'>,Transformer,1.0,Regression,True,20.0,19.0,85.0
16.0,2.0,1.0,0.1,128.0,4.0,True,False,10.0,0.01,False,False,"['Effective Disposals', 'Disposals', 'Contested Possessions', 'Goals', 'Score Involvements', 'Hitouts', 'Kicks', 'Tackles', 'One Percenters', 'Clangers', 'Contested Marks', 'Tackles Outside 50', 'Metres Gained', 'Marks', 'Behind Assists', 'Intercepts', 'Marks Inside 50', 'Goal Assists', 'Frees Agains', 'Tackles Inside 50', 'Handballs']",0.9752173791742361,-0.002125,-0.002125,-0.002125,0.29555,0.295555,0.295571,,,,61.21,21.0,42.0,MSELoss(),./,<function TabularDataFactory at 0x7cd1a613eb00>,<class 'PyTorch2Sklearn.utils.data.TabularDataset'>,Transformer,1.0,Regression,True,21.0,20.0,86.0
16.0,2.0,1.0,0.1,128.0,4.0,True,False,10.0,0.01,False,False,"['Effective Disposals', 'Disposals', 'Contested Possessions', 'Goals', 'Score Involvements', 'Hitouts', 'Kicks', 'Tackles', 'One Percenters', 'Clangers', 'Contested Marks', 'Tackles Outside 50', 'Metres Gained', 'Marks', 'Behind Assists', 'Intercepts', 'Marks Inside 50', 'Goal Assists', 'Frees Agains', 'Tackles Inside 50', 'Handballs', 'Marks Outside 50']",0.9773390168194317,0.829249,0.830093,0.832275,0.121998,0.121698,0.12092,,,,62.1,22.0,42.0,MSELoss(),./,<function TabularDataFactory at 0x7cd1a613eb00>,<class 'PyTorch2Sklearn.utils.data.TabularDataset'>,Transformer,1.0,Regression,True,22.0,21.0,87.0
16.0,2.0,1.0,0.1,128.0,4.0,True,False,10.0,0.01,False,False,"['Effective Disposals', 'Disposals', 'Contested Possessions', 'Goals', 'Score Involvements', 'Hitouts', 'Kicks', 'Tackles', 'One Percenters', 'Clangers', 'Contested Marks', 'Tackles Outside 50', 'Metres Gained', 'Marks', 'Behind Assists', 'Intercepts', 'Marks Inside 50', 'Goal Assists', 'Frees Agains', 'Tackles Inside 50', 'Handballs', 'Marks Outside 50', 'Time On Ground %']",0.9794518706907822,-0.00211,-0.00211,-0.002109,0.295547,0.295553,0.295568,,,,63.23,23.0,42.0,MSELoss(),./,<function TabularDataFactory at 0x7cd1a613eb00>,<class 'PyTorch2Sklearn.utils.data.TabularDataset'>,Transformer,1.0,Regression,True,23.0,22.0,88.0
16.0,2.0,1.0,0.1,128.0,4.0,True,False,10.0,0.01,False,False,"['Effective Disposals', 'Disposals', 'Contested Possessions', 'Goals', 'Score Involvements', 'Hitouts', 'Kicks', 'Tackles', 'One Percenters', 'Clangers', 'Contested Marks', 'Tackles Outside 50', 'Metres Gained', 'Marks', 'Behind Assists', 'Intercepts', 'Marks Inside 50', 'Goal Assists', 'Frees Agains', 'Tackles Inside 50', 'Handballs', 'Marks Outside 50', 'Time On Ground %', 'Rebound 50s']",0.9812681139233039,-0.002123,-0.002123,-0.002123,0.295549,0.295555,0.29557,,,,64.89,24.0,42.0,MSELoss(),./,<function TabularDataFactory at 0x7cd1a613eb00>,<class 'PyTorch2Sklearn.utils.data.TabularDataset'>,Transformer,1.0,Regression,True,24.0,23.0,89.0
16.0,2.0,1.0,0.1,128.0,4.0,True,False,10.0,0.01,False,False,"['Effective Disposals', 'Disposals', 'Contested Possessions', 'Goals', 'Score Involvements', 'Hitouts', 'Kicks', 'Tackles', 'One Percenters', 'Clangers', 'Contested Marks', 'Tackles Outside 50', 'Metres Gained', 'Marks', 'Behind Assists', 'Intercepts', 'Marks Inside 50', 'Goal Assists', 'Frees Agains', 'Tackles Inside 50', 'Handballs', 'Marks Outside 50', 'Time On Ground %', 'Rebound 50s', 'Disposal Efficiency %']",0.9830121267145816,-0.002127,-0.002127,-0.002127,0.29555,0.295555,0.295571,,,,66.15,25.0,42.0,MSELoss(),./,<function TabularDataFactory at 0x7cd1a613eb00>,<class 'PyTorch2Sklearn.utils.data.TabularDataset'>,Transformer,1.0,Regression,True,25.0,24.0,90.0
16.0,2.0,1.0,0.1,128.0,4.0,True,False,10.0,0.01,False,False,"['Effective Disposals', 'Disposals', 'Contested Possessions', 'Goals', 'Score Involvements', 'Hitouts', 'Kicks', 'Tackles', 'One Percenters', 'Clangers', 'Contested Marks', 'Tackles Outside 50', 'Metres Gained', 'Marks', 'Behind Assists', 'Intercepts', 'Marks Inside 50', 'Goal Assists', 'Frees Agains', 'Tackles Inside 50', 'Handballs', 'Marks Outside 50', 'Time On Ground %', 'Rebound 50s', 'Disposal Efficiency %', 'Uncontested Marks']",0.9847276615664785,0.886394,0.886114,0.887848,0.099511,0.099635,0.098879,,,,67.36,26.0,42.0,MSELoss(),./,<function TabularDataFactory at 0x7cd1a613eb00>,<class 'PyTorch2Sklearn.utils.data.TabularDataset'>,Transformer,1.0,Regression,True,26.0,25.0,91.0
16.0,2.0,1.0,0.1,128.0,4.0,True,False,10.0,0.01,False,False,"['Effective Disposals', 'Disposals', 'Contested Possessions', 'Goals', 'Score Involvements', 'Hitouts', 'Kicks', 'Tackles', 'One Percenters', 'Clangers', 'Contested Marks', 'Tackles Outside 50', 'Metres Gained', 'Marks', 'Behind Assists', 'Intercepts', 'Marks Inside 50', 'Goal Assists', 'Frees Agains', 'Tackles Inside 50', 'Handballs', 'Marks Outside 50', 'Time On Ground %', 'Rebound 50s', 'Disposal Efficiency %', 'Uncontested Marks', 'Frees For']",0.9864022991207512,-0.002124,-0.002124,-0.002124,0.29555,0.295555,0.29557,,,,69.13,27.0,42.0,MSELoss(),./,<function TabularDataFactory at 0x7cd1a613eb00>,<class 'PyTorch2Sklearn.utils.data.TabularDataset'>,Transformer,1.0,Regression,True,27.0,26.0,92.0
16.0,2.0,1.0,0.1,128.0,4.0,True,False,10.0,0.01,False,False,"['Effective Disposals', 'Disposals', 'Contested Possessions', 'Goals', 'Score Involvements', 'Hitouts', 'Kicks', 'Tackles', 'One Percenters', 'Clangers', 'Contested Marks', 'Tackles Outside 50', 'Metres Gained', 'Marks', 'Behind Assists', 'Intercepts', 'Marks Inside 50', 'Goal Assists', 'Frees Agains', 'Tackles Inside 50', 'Handballs', 'Marks Outside 50', 'Time On Ground %', 'Rebound 50s', 'Disposal Efficiency %', 'Uncontested Marks', 'Frees For', 'Clearances']",0.9880071555759266,0.829325,0.829655,0.831125,0.12197,0.121854,0.121334,,,,70.29,28.0,42.0,MSELoss(),./,<function TabularDataFactory at 0x7cd1a613eb00>,<class 'PyTorch2Sklearn.utils.data.TabularDataset'>,Transformer,1.0,Regression,True,28.0,27.0,93.0
16.0,2.0,1.0,0.1,128.0,4.0,True,False,10.0,0.01,False,False,"['Effective Disposals', 'Disposals', 'Contested Possessions', 'Goals', 'Score Involvements', 'Hitouts', 'Kicks', 'Tackles', 'One Percenters', 'Clangers', 'Contested Marks', 'Tackles Outside 50', 'Metres Gained', 'Marks', 'Behind Assists', 'Intercepts', 'Marks Inside 50', 'Goal Assists', 'Frees Agains', 'Tackles Inside 50', 'Handballs', 'Marks Outside 50', 'Time On Ground %', 'Rebound 50s', 'Disposal Efficiency %', 'Uncontested Marks', 'Frees For', 'Clearances', 'Inside 50s']",0.989568451403329,0.808762,0.808638,0.810374,0.129109,0.129153,0.128573,,,,71.57,29.0,42.0,MSELoss(),./,<function TabularDataFactory at 0x7cd1a613eb00>,<class 'PyTorch2Sklearn.utils.data.TabularDataset'>,Transformer,1.0,Regression,True,29.0,28.0,94.0
16.0,2.0,1.0,0.1,128.0,4.0,True,False,10.0,0.01,False,False,"['Effective Disposals', 'Disposals', 'Contested Possessions', 'Goals', 'Score Involvements', 'Hitouts', 'Kicks', 'Tackles', 'One Percenters', 'Clangers', 'Contested Marks', 'Tackles Outside 50', 'Metres Gained', 'Marks', 'Behind Assists', 'Intercepts', 'Marks Inside 50', 'Goal Assists', 'Frees Agains', 'Tackles Inside 50', 'Handballs', 'Marks Outside 50', 'Time On Ground %', 'Rebound 50s', 'Disposal Efficiency %', 'Uncontested Marks', 'Frees For', 'Clearances', 'Inside 50s', 'Turnovers']",0.9911132734549049,0.892626,0.891605,0.893207,0.096743,0.097204,0.096488,,,,72.82,30.0,42.0,MSELoss(),./,<function TabularDataFactory at 0x7cd1a613eb00>,<class 'PyTorch2Sklearn.utils.data.TabularDataset'>,Transformer,1.0,Regression,True,30.0,29.0,95.0
16.0,2.0,1.0,0.1,128.0,4.0,True,False,10.0,0.01,False,False,"['Effective Disposals', 'Disposals', 'Contested Possessions', 'Goals', 'Score Involvements', 'Hitouts', 'Kicks', 'Tackles', 'One Percenters', 'Clangers', 'Contested Marks', 'Tackles Outside 50', 'Metres Gained', 'Marks', 'Behind Assists', 'Intercepts', 'Marks Inside 50', 'Goal Assists', 'Frees Agains', 'Tackles Inside 50', 'Handballs', 'Marks Outside 50', 'Time On Ground %', 'Rebound 50s', 'Disposal Efficiency %', 'Uncontested Marks', 'Frees For', 'Clearances', 'Inside 50s', 'Turnovers', 'Bounces']",0.9926434124424229,-0.002128,-0.002128,-0.002127,0.29555,0.295555,0.295571,,,,75.16,31.0,42.0,MSELoss(),./,<function TabularDataFactory at 0x7cd1a613eb00>,<class 'PyTorch2Sklearn.utils.data.TabularDataset'>,Transformer,1.0,Regression,True,31.0,30.0,96.0
16.0,2.0,1.0,0.1,128.0,4.0,True,False,10.0,0.01,False,False,"['Effective Disposals', 'Disposals', 'Contested Possessions', 'Goals', 'Score Involvements', 'Hitouts', 'Kicks', 'Tackles', 'One Percenters', 'Clangers', 'Contested Marks', 'Tackles Outside 50', 'Metres Gained', 'Marks', 'Behind Assists', 'Intercepts', 'Marks Inside 50', 'Goal Assists', 'Frees Agains', 'Tackles Inside 50', 'Handballs', 'Marks Outside 50', 'Time On Ground %', 'Rebound 50s', 'Disposal Efficiency %', 'Uncontested Marks', 'Frees For', 'Clearances', 'Inside 50s', 'Turnovers', 'Bounces', 'Uncontested Possessions']",0.9941282512295924,-0.002126,-0.002126,-0.002126,0.29555,0.295555,0.295571,,,,76.5,32.0,42.0,MSELoss(),./,<function TabularDataFactory at 0x7cd1a613eb00>,<class 'PyTorch2Sklearn.utils.data.TabularDataset'>,Transformer,1.0,Regression,True,32.0,31.0,97.0
16.0,2.0,1.0,0.1,128.0,4.0,True,False,10.0,0.01,False,False,"['Effective Disposals', 'Disposals', 'Contested Possessions', 'Goals', 'Score Involvements', 'Hitouts', 'Kicks', 'Tackles', 'One Percenters', 'Clangers', 'Contested Marks', 'Tackles Outside 50', 'Metres Gained', 'Marks', 'Behind Assists', 'Intercepts', 'Marks Inside 50', 'Goal Assists', 'Frees Agains', 'Tackles Inside 50', 'Handballs', 'Marks Outside 50', 'Time On Ground %', 'Rebound 50s', 'Disposal Efficiency %', 'Uncontested Marks', 'Frees For', 'Clearances', 'Inside 50s', 'Turnovers', 'Bounces', 'Uncontested Possessions', 'Centre Clearances']",0.9954600443092163,0.8179,0.817886,0.819735,0.125987,0.125994,0.125359,,,,77.83,33.0,42.0,MSELoss(),./,<function TabularDataFactory at 0x7cd1a613eb00>,<class 'PyTorch2Sklearn.utils.data.TabularDataset'>,Transformer,1.0,Regression,True,33.0,32.0,98.0
16.0,2.0,1.0,0.1,128.0,4.0,True,False,10.0,0.01,False,False,"['Effective Disposals', 'Disposals', 'Contested Possessions', 'Goals', 'Score Involvements', 'Hitouts', 'Kicks', 'Tackles', 'One Percenters', 'Clangers', 'Contested Marks', 'Tackles Outside 50', 'Metres Gained', 'Marks', 'Behind Assists', 'Intercepts', 'Marks Inside 50', 'Goal Assists', 'Frees Agains', 'Tackles Inside 50', 'Handballs', 'Marks Outside 50', 'Time On Ground %', 'Rebound 50s', 'Disposal Efficiency %', 'Uncontested Marks', 'Frees For', 'Clearances', 'Inside 50s', 'Turnovers', 'Bounces', 'Uncontested Possessions', 'Centre Clearances', 'Behinds']",0.9967759764723418,0.830464,0.830274,0.83216,0.121563,0.121633,0.120962,,,,79.33,34.0,42.0,MSELoss(),./,<function TabularDataFactory at 0x7cd1a613eb00>,<class 'PyTorch2Sklearn.utils.data.TabularDataset'>,Transformer,1.0,Regression,True,34.0,33.0,99.0
16.0,2.0,1.0,0.1,128.0,4.0,True,False,10.0,0.01,False,False,"['Effective Disposals', 'Disposals', 'Contested Possessions', 'Goals', 'Score Involvements', 'Hitouts', 'Kicks', 'Tackles', 'One Percenters', 'Clangers', 'Contested Marks', 'Tackles Outside 50', 'Metres Gained', 'Marks', 'Behind Assists', 'Intercepts', 'Marks Inside 50', 'Goal Assists', 'Frees Agains', 'Tackles Inside 50', 'Handballs', 'Marks Outside 50', 'Time On Ground %', 'Rebound 50s', 'Disposal Efficiency %', 'Uncontested Marks', 'Frees For', 'Clearances', 'Inside 50s', 'Turnovers', 'Bounces', 'Uncontested Possessions', 'Centre Clearances', 'Behinds', 'Stoppage Clearances']",0.998079867999009,-0.002119,-0.002119,-0.002118,0.295549,0.295554,0.29557,,,,80.93,35.0,42.0,MSELoss(),./,<function TabularDataFactory at 0x7cd1a613eb00>,<class 'PyTorch2Sklearn.utils.data.TabularDataset'>,Transformer,1.0,Regression,True,35.0,34.0,100.0
16.0,2.0,1.0,0.1,128.0,4.0,True,False,10.0,0.01,False,False,"['Effective Disposals', 'Disposals', 'Contested Possessions', 'Goals', 'Score Involvements', 'Hitouts', 'Kicks', 'Tackles', 'One Percenters', 'Clangers', 'Contested Marks', 'Tackles Outside 50', 'Metres Gained', 'Marks', 'Behind Assists', 'Intercepts', 'Marks Inside 50', 'Goal Assists', 'Frees Agains', 'Tackles Inside 50', 'Handballs', 'Marks Outside 50', 'Time On Ground %', 'Rebound 50s', 'Disposal Efficiency %', 'Uncontested Marks', 'Frees For', 'Clearances', 'Inside 50s', 'Turnovers', 'Bounces', 'Uncontested Possessions', 'Centre Clearances', 'Behinds', 'Stoppage Clearances', 'Ineffective Disposals']",0.999192674212217,-0.002127,-0.002127,-0.002127,0.29555,0.295555,0.295571,,,,82.24,36.0,42.0,MSELoss(),./,<function TabularDataFactory at 0x7cd1a613eb00>,<class 'PyTorch2Sklearn.utils.data.TabularDataset'>,Transformer,1.0,Regression,True,36.0,35.0,101.0
16.0,2.0,1.0,0.1,128.0,4.0,True,False,10.0,0.01,False,False,"['Effective Disposals', 'Disposals', 'Contested Possessions', 'Goals', 'Score Involvements', 'Hitouts', 'Kicks', 'Tackles', 'One Percenters', 'Clangers', 'Contested Marks', 'Tackles Outside 50', 'Metres Gained', 'Marks', 'Behind Assists', 'Intercepts', 'Marks Inside 50', 'Goal Assists', 'Frees Agains', 'Tackles Inside 50', 'Handballs', 'Marks Outside 50', 'Time On Ground %', 'Rebound 50s', 'Disposal Efficiency %', 'Uncontested Marks', 'Frees For', 'Clearances', 'Inside 50s', 'Turnovers', 'Bounces', 'Uncontested Possessions', 'Centre Clearances', 'Behinds', 'Stoppage Clearances', 'Ineffective Disposals', 'Winloss']",1.0000000000000002,-0.002046,-0.002046,-0.002046,0.295538,0.295543,0.295559,,,,83.54,37.0,42.0,MSELoss(),./,<function TabularDataFactory at 0x7cd1a613eb00>,<class 'PyTorch2Sklearn.utils.data.TabularDataset'>,Transformer,1.0,Regression,True,37.0,36.0,102.0
16.0,3.0,1.0,0.1,128.0,4.0,True,False,10.0,0.01,False,False,"['Effective Disposals', 'Disposals', 'Contested Possessions', 'Goals', 'Score Involvements', 'Hitouts', 'Kicks', 'Tackles', 'One Percenters', 'Clangers', 'Contested Marks', 'Tackles Outside 50', 'Metres Gained', 'Marks', 'Behind Assists', 'Intercepts', 'Marks Inside 50', 'Goal Assists', 'Frees Agains', 'Tackles Inside 50', 'Handballs', 'Marks Outside 50', 'Time On Ground %', 'Rebound 50s', 'Disposal Efficiency %', 'Uncontested Marks', 'Frees For', 'Clearances', 'Inside 50s', 'Turnovers', 'Bounces', 'Uncontested Possessions', 'Centre Clearances', 'Behinds', 'Stoppage Clearances', 'Ineffective Disposals', 'Winloss']",1.0000000000000002,-0.002128,-0.002128,-0.002128,0.29555,0.295555,0.295571,,,,92.41,37.0,42.0,MSELoss(),./,<function TabularDataFactory at 0x7cd1a613eb00>,<class 'PyTorch2Sklearn.utils.data.TabularDataset'>,Transformer,1.0,Regression,True,37.0,36.0,103.0
16.0,1.0,2.0,0.1,128.0,4.0,True,False,10.0,0.01,False,False,"['Effective Disposals', 'Disposals', 'Contested Possessions', 'Goals', 'Score Involvements', 'Hitouts', 'Kicks', 'Tackles', 'One Percenters', 'Clangers', 'Contested Marks', 'Tackles Outside 50', 'Metres Gained', 'Marks', 'Behind Assists', 'Intercepts', 'Marks Inside 50', 'Goal Assists', 'Frees Agains', 'Tackles Inside 50', 'Handballs', 'Marks Outside 50', 'Time On Ground %', 'Rebound 50s', 'Disposal Efficiency %', 'Uncontested Marks', 'Frees For', 'Clearances', 'Inside 50s', 'Turnovers', 'Bounces', 'Uncontested Possessions', 'Centre Clearances', 'Behinds', 'Stoppage Clearances', 'Ineffective Disposals', 'Winloss']",1.0000000000000002,0.819395,0.819563,0.820666,0.125468,0.125412,0.125035,,,,74.76,37.0,42.0,MSELoss(),./,<function TabularDataFactory at 0x7cd1a613eb00>,<class 'PyTorch2Sklearn.utils.data.TabularDataset'>,Transformer,1.0,Regression,True,37.0,36.0,104.0
16.0,1.0,3.0,0.1,128.0,4.0,True,False,10.0,0.01,False,False,"['Effective Disposals', 'Disposals', 'Contested Possessions', 'Goals', 'Score Involvements', 'Hitouts', 'Kicks', 'Tackles', 'One Percenters', 'Clangers', 'Contested Marks', 'Tackles Outside 50', 'Metres Gained', 'Marks', 'Behind Assists', 'Intercepts', 'Marks Inside 50', 'Goal Assists', 'Frees Agains', 'Tackles Inside 50', 'Handballs', 'Marks Outside 50', 'Time On Ground %', 'Rebound 50s', 'Disposal Efficiency %', 'Uncontested Marks', 'Frees For', 'Clearances', 'Inside 50s', 'Turnovers', 'Bounces', 'Uncontested Possessions', 'Centre Clearances', 'Behinds', 'Stoppage Clearances', 'Ineffective Disposals', 'Winloss']",1.0000000000000002,-0.002107,-0.002106,-0.002106,0.295547,0.295552,0.295568,,,,75.64,37.0,42.0,MSELoss(),./,<function TabularDataFactory at 0x7cd1a613eb00>,<class 'PyTorch2Sklearn.utils.data.TabularDataset'>,Transformer,1.0,Regression,True,37.0,36.0,105.0
16.0,1.0,1.0,0.1,128.0,2.0,True,False,10.0,0.01,False,False,"['Effective Disposals', 'Disposals', 'Contested Possessions', 'Goals', 'Score Involvements', 'Hitouts', 'Kicks', 'Tackles', 'One Percenters', 'Clangers', 'Contested Marks', 'Tackles Outside 50', 'Metres Gained', 'Marks', 'Behind Assists', 'Intercepts', 'Marks Inside 50', 'Goal Assists', 'Frees Agains', 'Tackles Inside 50', 'Handballs', 'Marks Outside 50', 'Time On Ground %', 'Rebound 50s', 'Disposal Efficiency %', 'Uncontested Marks', 'Frees For', 'Clearances', 'Inside 50s', 'Turnovers', 'Bounces', 'Uncontested Possessions', 'Centre Clearances', 'Behinds', 'Stoppage Clearances', 'Ineffective Disposals', 'Winloss']",1.0000000000000002,-0.00197,-0.00197,-0.00197,0.295527,0.295532,0.295548,,,,75.35,37.0,42.0,MSELoss(),./,<function TabularDataFactory at 0x7cd1a613eb00>,<class 'PyTorch2Sklearn.utils.data.TabularDataset'>,Transformer,1.0,Regression,True,37.0,36.0,106.0
16.0,1.0,1.0,0.1,128.0,8.0,True,False,10.0,0.01,False,False,"['Effective Disposals', 'Disposals', 'Contested Possessions', 'Goals', 'Score Involvements', 'Hitouts', 'Kicks', 'Tackles', 'One Percenters', 'Clangers', 'Contested Marks', 'Tackles Outside 50', 'Metres Gained', 'Marks', 'Behind Assists', 'Intercepts', 'Marks Inside 50', 'Goal Assists', 'Frees Agains', 'Tackles Inside 50', 'Handballs', 'Marks Outside 50', 'Time On Ground %', 'Rebound 50s', 'Disposal Efficiency %', 'Uncontested Marks', 'Frees For', 'Clearances', 'Inside 50s', 'Turnovers', 'Bounces', 'Uncontested Possessions', 'Centre Clearances', 'Behinds', 'Stoppage Clearances', 'Ineffective Disposals', 'Winloss']",1.0000000000000002,-0.002023,-0.002023,-0.002022,0.295535,0.29554,0.295555,,,,75.66,37.0,42.0,MSELoss(),./,<function TabularDataFactory at 0x7cd1a613eb00>,<class 'PyTorch2Sklearn.utils.data.TabularDataset'>,Transformer,1.0,Regression,True,37.0,36.0,107.0
16.0,1.0,1.0,0.1,128.0,16.0,True,False,10.0,0.01,False,False,"['Effective Disposals', 'Disposals', 'Contested Possessions', 'Goals', 'Score Involvements', 'Hitouts', 'Kicks', 'Tackles', 'One Percenters', 'Clangers', 'Contested Marks', 'Tackles Outside 50', 'Metres Gained', 'Marks', 'Behind Assists', 'Intercepts', 'Marks Inside 50', 'Goal Assists', 'Frees Agains', 'Tackles Inside 50', 'Handballs', 'Marks Outside 50', 'Time On Ground %', 'Rebound 50s', 'Disposal Efficiency %', 'Uncontested Marks', 'Frees For', 'Clearances', 'Inside 50s', 'Turnovers', 'Bounces', 'Uncontested Possessions', 'Centre Clearances', 'Behinds', 'Stoppage Clearances', 'Ineffective Disposals', 'Winloss']",1.0000000000000002,-0.001967,-0.001967,-0.001967,0.295526,0.295532,0.295547,,,,75.39,37.0,42.0,MSELoss(),./,<function TabularDataFactory at 0x7cd1a613eb00>,<class 'PyTorch2Sklearn.utils.data.TabularDataset'>,Transformer,1.0,Regression,True,37.0,36.0,108.0
32.0,1.0,1.0,0.1,128.0,4.0,True,False,10.0,0.01,False,False,"['Effective Disposals', 'Disposals', 'Contested Possessions', 'Goals', 'Score Involvements', 'Hitouts', 'Kicks', 'Tackles', 'One Percenters', 'Clangers', 'Contested Marks', 'Tackles Outside 50', 'Metres Gained', 'Marks', 'Behind Assists', 'Intercepts', 'Marks Inside 50', 'Goal Assists', 'Frees Agains', 'Tackles Inside 50', 'Handballs', 'Marks Outside 50', 'Time On Ground %', 'Rebound 50s', 'Disposal Efficiency %', 'Uncontested Marks', 'Frees For', 'Clearances', 'Inside 50s', 'Turnovers', 'Bounces', 'Uncontested Possessions', 'Centre Clearances', 'Behinds', 'Stoppage Clearances', 'Ineffective Disposals', 'Winloss']",1.0000000000000002,0.820377,0.820393,0.821891,0.125127,0.125123,0.124607,,,,75.56,37.0,42.0,MSELoss(),./,<function TabularDataFactory at 0x7cd1a613eb00>,<class 'PyTorch2Sklearn.utils.data.TabularDataset'>,Transformer,1.0,Regression,True,37.0,36.0,109.0
64.0,1.0,1.0,0.1,128.0,4.0,True,False,10.0,0.01,False,False,"['Effective Disposals', 'Disposals', 'Contested Possessions', 'Goals', 'Score Involvements', 'Hitouts', 'Kicks', 'Tackles', 'One Percenters', 'Clangers', 'Contested Marks', 'Tackles Outside 50', 'Metres Gained', 'Marks', 'Behind Assists', 'Intercepts', 'Marks Inside 50', 'Goal Assists', 'Frees Agains', 'Tackles Inside 50', 'Handballs', 'Marks Outside 50', 'Time On Ground %', 'Rebound 50s', 'Disposal Efficiency %', 'Uncontested Marks', 'Frees For', 'Clearances', 'Inside 50s', 'Turnovers', 'Bounces', 'Uncontested Possessions', 'Centre Clearances', 'Behinds', 'Stoppage Clearances', 'Ineffective Disposals', 'Winloss']",1.0000000000000002,-0.000582,-0.000582,-0.000582,0.295322,0.295327,0.295343,,,,75.18,37.0,42.0,MSELoss(),./,<function TabularDataFactory at 0x7cd1a613eb00>,<class 'PyTorch2Sklearn.utils.data.TabularDataset'>,Transformer,1.0,Regression,True,37.0,36.0,110.0
128.0,1.0,1.0,0.1,128.0,4.0,True,False,10.0,0.01,False,False,"['Effective Disposals', 'Disposals', 'Contested Possessions', 'Goals', 'Score Involvements', 'Hitouts', 'Kicks', 'Tackles', 'One Percenters', 'Clangers', 'Contested Marks', 'Tackles Outside 50', 'Metres Gained', 'Marks', 'Behind Assists', 'Intercepts', 'Marks Inside 50', 'Goal Assists', 'Frees Agains', 'Tackles Inside 50', 'Handballs', 'Marks Outside 50', 'Time On Ground %', 'Rebound 50s', 'Disposal Efficiency %', 'Uncontested Marks', 'Frees For', 'Clearances', 'Inside 50s', 'Turnovers', 'Bounces', 'Uncontested Possessions', 'Centre Clearances', 'Behinds', 'Stoppage Clearances', 'Ineffective Disposals', 'Winloss']",1.0000000000000002,0.833679,0.832448,0.836412,0.120405,0.120851,0.11942,,,,74.52,37.0,42.0,MSELoss(),./,<function TabularDataFactory at 0x7cd1a613eb00>,<class 'PyTorch2Sklearn.utils.data.TabularDataset'>,Transformer,1.0,Regression,True,37.0,36.0,111.0
256.0,1.0,1.0,0.1,128.0,4.0,True,False,10.0,0.01,False,False,"['Effective Disposals', 'Disposals', 'Contested Possessions', 'Goals', 'Score Involvements', 'Hitouts', 'Kicks', 'Tackles', 'One Percenters', 'Clangers', 'Contested Marks', 'Tackles Outside 50', 'Metres Gained', 'Marks', 'Behind Assists', 'Intercepts', 'Marks Inside 50', 'Goal Assists', 'Frees Agains', 'Tackles Inside 50', 'Handballs', 'Marks Outside 50', 'Time On Ground %', 'Rebound 50s', 'Disposal Efficiency %', 'Uncontested Marks', 'Frees For', 'Clearances', 'Inside 50s', 'Turnovers', 'Bounces', 'Uncontested Possessions', 'Centre Clearances', 'Behinds', 'Stoppage Clearances', 'Ineffective Disposals', 'Winloss']",1.0000000000000002,0.632661,0.638256,0.638728,0.178938,0.177573,0.177467,,,,99.32,37.0,42.0,MSELoss(),./,<function TabularDataFactory at 0x7cd1a613eb00>,<class 'PyTorch2Sklearn.utils.data.TabularDataset'>,Transformer,1.0,Regression,True,37.0,36.0,112.0
16.0,1.0,1.0,0.0,128.0,4.0,True,False,10.0,0.01,False,False,"['Effective Disposals', 'Disposals', 'Contested Possessions', 'Goals', 'Score Involvements', 'Hitouts', 'Kicks', 'Tackles', 'One Percenters', 'Clangers', 'Contested Marks', 'Tackles Outside 50', 'Metres Gained', 'Marks', 'Behind Assists', 'Intercepts', 'Marks Inside 50', 'Goal Assists', 'Frees Agains', 'Tackles Inside 50', 'Handballs', 'Marks Outside 50', 'Time On Ground %', 'Rebound 50s', 'Disposal Efficiency %', 'Uncontested Marks', 'Frees For', 'Clearances', 'Inside 50s', 'Turnovers', 'Bounces', 'Uncontested Possessions', 'Centre Clearances', 'Behinds', 'Stoppage Clearances', 'Ineffective Disposals', 'Winloss']",1.0000000000000002,-0.001945,-0.001945,-0.001945,0.295523,0.295528,0.295544,,,,66.09,37.0,42.0,MSELoss(),./,<function TabularDataFactory at 0x7cd1a613eb00>,<class 'PyTorch2Sklearn.utils.data.TabularDataset'>,Transformer,1.0,Regression,True,37.0,36.0,113.0
16.0,1.0,1.0,0.05,128.0,4.0,True,False,10.0,0.01,False,False,"['Effective Disposals', 'Disposals', 'Contested Possessions', 'Goals', 'Score Involvements', 'Hitouts', 'Kicks', 'Tackles', 'One Percenters', 'Clangers', 'Contested Marks', 'Tackles Outside 50', 'Metres Gained', 'Marks', 'Behind Assists', 'Intercepts', 'Marks Inside 50', 'Goal Assists', 'Frees Agains', 'Tackles Inside 50', 'Handballs', 'Marks Outside 50', 'Time On Ground %', 'Rebound 50s', 'Disposal Efficiency %', 'Uncontested Marks', 'Frees For', 'Clearances', 'Inside 50s', 'Turnovers', 'Bounces', 'Uncontested Possessions', 'Centre Clearances', 'Behinds', 'Stoppage Clearances', 'Ineffective Disposals', 'Winloss']",1.0000000000000002,-0.001964,-0.001964,-0.001964,0.295526,0.295531,0.295547,,,,75.31,37.0,42.0,MSELoss(),./,<function TabularDataFactory at 0x7cd1a613eb00>,<class 'PyTorch2Sklearn.utils.data.TabularDataset'>,Transformer,1.0,Regression,True,37.0,36.0,114.0
16.0,1.0,1.0,0.2,128.0,4.0,True,False,10.0,0.01,False,False,"['Effective Disposals', 'Disposals', 'Contested Possessions', 'Goals', 'Score Involvements', 'Hitouts', 'Kicks', 'Tackles', 'One Percenters', 'Clangers', 'Contested Marks', 'Tackles Outside 50', 'Metres Gained', 'Marks', 'Behind Assists', 'Intercepts', 'Marks Inside 50', 'Goal Assists', 'Frees Agains', 'Tackles Inside 50', 'Handballs', 'Marks Outside 50', 'Time On Ground %', 'Rebound 50s', 'Disposal Efficiency %', 'Uncontested Marks', 'Frees For', 'Clearances', 'Inside 50s', 'Turnovers', 'Bounces', 'Uncontested Possessions', 'Centre Clearances', 'Behinds', 'Stoppage Clearances', 'Ineffective Disposals', 'Winloss']",1.0000000000000002,-0.001971,-0.001971,-0.001971,0.295527,0.295532,0.295548,,,,76.42,37.0,42.0,MSELoss(),./,<function TabularDataFactory at 0x7cd1a613eb00>,<class 'PyTorch2Sklearn.utils.data.TabularDataset'>,Transformer,1.0,Regression,True,37.0,36.0,115.0
16.0,1.0,1.0,0.1,128.0,4.0,False,False,10.0,0.01,False,False,"['Effective Disposals', 'Disposals', 'Contested Possessions', 'Goals', 'Score Involvements', 'Hitouts', 'Kicks', 'Tackles', 'One Percenters', 'Clangers', 'Contested Marks', 'Tackles Outside 50', 'Metres Gained', 'Marks', 'Behind Assists', 'Intercepts', 'Marks Inside 50', 'Goal Assists', 'Frees Agains', 'Tackles Inside 50', 'Handballs', 'Marks Outside 50', 'Time On Ground %', 'Rebound 50s', 'Disposal Efficiency %', 'Uncontested Marks', 'Frees For', 'Clearances', 'Inside 50s', 'Turnovers', 'Bounces', 'Uncontested Possessions', 'Centre Clearances', 'Behinds', 'Stoppage Clearances', 'Ineffective Disposals', 'Winloss']",1.0000000000000002,0.821271,0.822168,0.82301,0.124815,0.124504,0.124215,,,,81.2,37.0,42.0,MSELoss(),./,<function TabularDataFactory at 0x7cd1a613eb00>,<class 'PyTorch2Sklearn.utils.data.TabularDataset'>,Transformer,1.0,Regression,True,37.0,36.0,116.0
16.0,1.0,1.0,0.1,128.0,4.0,True,True,10.0,0.01,False,False,"['Effective Disposals', 'Disposals', 'Contested Possessions', 'Goals', 'Score Involvements', 'Hitouts', 'Kicks', 'Tackles', 'One Percenters', 'Clangers', 'Contested Marks', 'Tackles Outside 50', 'Metres Gained', 'Marks', 'Behind Assists', 'Intercepts', 'Marks Inside 50', 'Goal Assists', 'Frees Agains', 'Tackles Inside 50', 'Handballs', 'Marks Outside 50', 'Time On Ground %', 'Rebound 50s', 'Disposal Efficiency %', 'Uncontested Marks', 'Frees For', 'Clearances', 'Inside 50s', 'Turnovers', 'Bounces', 'Uncontested Possessions', 'Centre Clearances', 'Behinds', 'Stoppage Clearances', 'Ineffective Disposals', 'Winloss']",1.0000000000000002,-0.002103,-0.002103,-0.002102,0.295546,0.295552,0.295567,,,,60.38,37.0,42.0,MSELoss(),./,<function TabularDataFactory at 0x7cd1a613eb00>,<class 'PyTorch2Sklearn.utils.data.TabularDataset'>,Transformer,1.0,Regression,True,37.0,36.0,117.0
16.0,1.0,1.0,0.1,128.0,4.0,True,False,10.0,0.01,True,False,"['Effective Disposals', 'Disposals', 'Contested Possessions', 'Goals', 'Score Involvements', 'Hitouts', 'Kicks', 'Tackles', 'One Percenters', 'Clangers', 'Contested Marks', 'Tackles Outside 50', 'Metres Gained', 'Marks', 'Behind Assists', 'Intercepts', 'Marks Inside 50', 'Goal Assists', 'Frees Agains', 'Tackles Inside 50', 'Handballs', 'Marks Outside 50', 'Time On Ground %', 'Rebound 50s', 'Disposal Efficiency %', 'Uncontested Marks', 'Frees For', 'Clearances', 'Inside 50s', 'Turnovers', 'Bounces', 'Uncontested Possessions', 'Centre Clearances', 'Behinds', 'Stoppage Clearances', 'Ineffective Disposals', 'Winloss']",1.0000000000000002,0.875172,0.873507,0.874916,0.10431,0.105005,0.104424,,,,103.66,37.0,42.0,MSELoss(),./,<function TabularDataFactory at 0x7cd1a613eb00>,<class 'PyTorch2Sklearn.utils.data.TabularDataset'>,Transformer,1.0,Regression,True,37.0,36.0,118.0
16.0,1.0,1.0,0.1,128.0,4.0,True,False,10.0,0.01,False,True,"['Effective Disposals', 'Disposals', 'Contested Possessions', 'Goals', 'Score Involvements', 'Hitouts', 'Kicks', 'Tackles', 'One Percenters', 'Clangers', 'Contested Marks', 'Tackles Outside 50', 'Metres Gained', 'Marks', 'Behind Assists', 'Intercepts', 'Marks Inside 50', 'Goal Assists', 'Frees Agains', 'Tackles Inside 50', 'Handballs', 'Marks Outside 50', 'Time On Ground %', 'Rebound 50s', 'Disposal Efficiency %', 'Uncontested Marks', 'Frees For', 'Clearances', 'Inside 50s', 'Turnovers', 'Bounces', 'Uncontested Possessions', 'Centre Clearances', 'Behinds', 'Stoppage Clearances', 'Ineffective Disposals', 'Winloss']",1.0000000000000002,0.882222,0.881233,0.881772,0.101321,0.101748,0.101522,,,,77.04,37.0,42.0,MSELoss(),./,<function TabularDataFactory at 0x7cd1a613eb00>,<class 'PyTorch2Sklearn.utils.data.TabularDataset'>,Transformer,1.0,Regression,True,37.0,36.0,119.0
16.0,1.0,1.0,0.1,128.0,4.0,True,False,10.0,1e-05,False,False,"['Effective Disposals', 'Disposals', 'Contested Possessions', 'Goals', 'Score Involvements', 'Hitouts', 'Kicks', 'Tackles', 'One Percenters', 'Clangers', 'Contested Marks', 'Tackles Outside 50', 'Metres Gained', 'Marks', 'Behind Assists', 'Intercepts', 'Marks Inside 50', 'Goal Assists', 'Frees Agains', 'Tackles Inside 50', 'Handballs', 'Marks Outside 50', 'Time On Ground %', 'Rebound 50s', 'Disposal Efficiency %', 'Uncontested Marks', 'Frees For', 'Clearances', 'Inside 50s', 'Turnovers', 'Bounces', 'Uncontested Possessions', 'Centre Clearances', 'Behinds', 'Stoppage Clearances', 'Ineffective Disposals', 'Winloss']",1.0000000000000002,0.871456,0.872091,0.8742,0.105851,0.105591,0.104722,,,,75.21,37.0,42.0,MSELoss(),./,<function TabularDataFactory at 0x7cd1a613eb00>,<class 'PyTorch2Sklearn.utils.data.TabularDataset'>,Transformer,1.0,Regression,True,37.0,36.0,120.0
16.0,1.0,1.0,0.1,128.0,4.0,True,False,10.0,0.0001,False,False,"['Effective Disposals', 'Disposals', 'Contested Possessions', 'Goals', 'Score Involvements', 'Hitouts', 'Kicks', 'Tackles', 'One Percenters', 'Clangers', 'Contested Marks', 'Tackles Outside 50', 'Metres Gained', 'Marks', 'Behind Assists', 'Intercepts', 'Marks Inside 50', 'Goal Assists', 'Frees Agains', 'Tackles Inside 50', 'Handballs', 'Marks Outside 50', 'Time On Ground %', 'Rebound 50s', 'Disposal Efficiency %', 'Uncontested Marks', 'Frees For', 'Clearances', 'Inside 50s', 'Turnovers', 'Bounces', 'Uncontested Possessions', 'Centre Clearances', 'Behinds', 'Stoppage Clearances', 'Ineffective Disposals', 'Winloss']",1.0000000000000002,0.889845,0.889969,0.890782,0.097988,0.097934,0.097577,,,,75.52,37.0,42.0,MSELoss(),./,<function TabularDataFactory at 0x7cd1a613eb00>,<class 'PyTorch2Sklearn.utils.data.TabularDataset'>,Transformer,1.0,Regression,True,37.0,36.0,121.0
16.0,1.0,1.0,0.1,128.0,4.0,True,False,10.0,0.001,False,False,"['Effective Disposals', 'Disposals', 'Contested Possessions', 'Goals', 'Score Involvements', 'Hitouts', 'Kicks', 'Tackles', 'One Percenters', 'Clangers', 'Contested Marks', 'Tackles Outside 50', 'Metres Gained', 'Marks', 'Behind Assists', 'Intercepts', 'Marks Inside 50', 'Goal Assists', 'Frees Agains', 'Tackles Inside 50', 'Handballs', 'Marks Outside 50', 'Time On Ground %', 'Rebound 50s', 'Disposal Efficiency %', 'Uncontested Marks', 'Frees For', 'Clearances', 'Inside 50s', 'Turnovers', 'Bounces', 'Uncontested Possessions', 'Centre Clearances', 'Behinds', 'Stoppage Clearances', 'Ineffective Disposals', 'Winloss']",1.0000000000000002,0.875893,0.876062,0.876226,0.104008,0.103939,0.103876,,,,75.54,37.0,42.0,MSELoss(),./,<function TabularDataFactory at 0x7cd1a613eb00>,<class 'PyTorch2Sklearn.utils.data.TabularDataset'>,Transformer,1.0,Regression,True,37.0,36.0,122.0
16.0,1.0,1.0,0.1,128.0,4.0,True,False,10.0,0.1,False,False,"['Effective Disposals', 'Disposals', 'Contested Possessions', 'Goals', 'Score Involvements', 'Hitouts', 'Kicks', 'Tackles', 'One Percenters', 'Clangers', 'Contested Marks', 'Tackles Outside 50', 'Metres Gained', 'Marks', 'Behind Assists', 'Intercepts', 'Marks Inside 50', 'Goal Assists', 'Frees Agains', 'Tackles Inside 50', 'Handballs', 'Marks Outside 50', 'Time On Ground %', 'Rebound 50s', 'Disposal Efficiency %', 'Uncontested Marks', 'Frees For', 'Clearances', 'Inside 50s', 'Turnovers', 'Bounces', 'Uncontested Possessions', 'Centre Clearances', 'Behinds', 'Stoppage Clearances', 'Ineffective Disposals', 'Winloss']",1.0000000000000002,-0.002265,-0.002265,-0.002265,0.29557,0.295575,0.295591,,,,75.71,37.0,42.0,MSELoss(),./,<function TabularDataFactory at 0x7cd1a613eb00>,<class 'PyTorch2Sklearn.utils.data.TabularDataset'>,Transformer,1.0,Regression,True,37.0,36.0,123.0
16.0,1.0,1.0,0.1,128.0,4.0,True,False,5.0,0.01,False,False,"['Effective Disposals', 'Disposals', 'Contested Possessions', 'Goals', 'Score Involvements', 'Hitouts', 'Kicks', 'Tackles', 'One Percenters', 'Clangers', 'Contested Marks', 'Tackles Outside 50', 'Metres Gained', 'Marks', 'Behind Assists', 'Intercepts', 'Marks Inside 50', 'Goal Assists', 'Frees Agains', 'Tackles Inside 50', 'Handballs', 'Marks Outside 50', 'Time On Ground %', 'Rebound 50s', 'Disposal Efficiency %', 'Uncontested Marks', 'Frees For', 'Clearances', 'Inside 50s', 'Turnovers', 'Bounces', 'Uncontested Possessions', 'Centre Clearances', 'Behinds', 'Stoppage Clearances', 'Ineffective Disposals', 'Winloss']",1.0000000000000002,0.816236,0.816787,0.818072,0.126561,0.126373,0.125936,,,,37.9,37.0,42.0,MSELoss(),./,<function TabularDataFactory at 0x7cd1a613eb00>,<class 'PyTorch2Sklearn.utils.data.TabularDataset'>,Transformer,1.0,Regression,True,37.0,36.0,124.0
16.0,1.0,1.0,0.1,128.0,4.0,True,False,20.0,0.01,False,False,"['Effective Disposals', 'Disposals', 'Contested Possessions', 'Goals', 'Score Involvements', 'Hitouts', 'Kicks', 'Tackles', 'One Percenters', 'Clangers', 'Contested Marks', 'Tackles Outside 50', 'Metres Gained', 'Marks', 'Behind Assists', 'Intercepts', 'Marks Inside 50', 'Goal Assists', 'Frees Agains', 'Tackles Inside 50', 'Handballs', 'Marks Outside 50', 'Time On Ground %', 'Rebound 50s', 'Disposal Efficiency %', 'Uncontested Marks', 'Frees For', 'Clearances', 'Inside 50s', 'Turnovers', 'Bounces', 'Uncontested Possessions', 'Centre Clearances', 'Behinds', 'Stoppage Clearances', 'Ineffective Disposals', 'Winloss']",1.0000000000000002,0.871311,0.870337,0.87013,0.105911,0.106313,0.106403,,,,150.67,37.0,42.0,MSELoss(),./,<function TabularDataFactory at 0x7cd1a613eb00>,<class 'PyTorch2Sklearn.utils.data.TabularDataset'>,Transformer,1.0,Regression,True,37.0,36.0,125.0
16.0,1.0,1.0,0.1,128.0,4.0,True,False,30.0,0.01,False,False,"['Effective Disposals', 'Disposals', 'Contested Possessions', 'Goals', 'Score Involvements', 'Hitouts', 'Kicks', 'Tackles', 'One Percenters', 'Clangers', 'Contested Marks', 'Tackles Outside 50', 'Metres Gained', 'Marks', 'Behind Assists', 'Intercepts', 'Marks Inside 50', 'Goal Assists', 'Frees Agains', 'Tackles Inside 50', 'Handballs', 'Marks Outside 50', 'Time On Ground %', 'Rebound 50s', 'Disposal Efficiency %', 'Uncontested Marks', 'Frees For', 'Clearances', 'Inside 50s', 'Turnovers', 'Bounces', 'Uncontested Possessions', 'Centre Clearances', 'Behinds', 'Stoppage Clearances', 'Ineffective Disposals', 'Winloss']",1.0000000000000002,0.893698,0.892346,0.892425,0.096259,0.09687,0.09684,,,,225.15,37.0,42.0,MSELoss(),./,<function TabularDataFactory at 0x7cd1a613eb00>,<class 'PyTorch2Sklearn.utils.data.TabularDataset'>,Transformer,1.0,Regression,True,37.0,36.0,126.0
16.0,1.0,1.0,0.1,32.0,4.0,True,False,10.0,0.01,False,False,"['Effective Disposals', 'Disposals', 'Contested Possessions', 'Goals', 'Score Involvements', 'Hitouts', 'Kicks', 'Tackles', 'One Percenters', 'Clangers', 'Contested Marks', 'Tackles Outside 50', 'Metres Gained', 'Marks', 'Behind Assists', 'Intercepts', 'Marks Inside 50', 'Goal Assists', 'Frees Agains', 'Tackles Inside 50', 'Handballs', 'Marks Outside 50', 'Time On Ground %', 'Rebound 50s', 'Disposal Efficiency %', 'Uncontested Marks', 'Frees For', 'Clearances', 'Inside 50s', 'Turnovers', 'Bounces', 'Uncontested Possessions', 'Centre Clearances', 'Behinds', 'Stoppage Clearances', 'Ineffective Disposals', 'Winloss']",1.0000000000000002,-0.008116,-0.008116,-0.008115,0.296432,0.296437,0.296453,,,,288.47,37.0,42.0,MSELoss(),./,<function TabularDataFactory at 0x7cd1a613eb00>,<class 'PyTorch2Sklearn.utils.data.TabularDataset'>,Transformer,1.0,Regression,True,37.0,36.0,127.0
16.0,1.0,1.0,0.1,512.0,4.0,True,False,10.0,0.01,False,False,"['Effective Disposals', 'Disposals', 'Contested Possessions', 'Goals', 'Score Involvements', 'Hitouts', 'Kicks', 'Tackles', 'One Percenters', 'Clangers', 'Contested Marks', 'Tackles Outside 50', 'Metres Gained', 'Marks', 'Behind Assists', 'Intercepts', 'Marks Inside 50', 'Goal Assists', 'Frees Agains', 'Tackles Inside 50', 'Handballs', 'Marks Outside 50', 'Time On Ground %', 'Rebound 50s', 'Disposal Efficiency %', 'Uncontested Marks', 'Frees For', 'Clearances', 'Inside 50s', 'Turnovers', 'Bounces', 'Uncontested Possessions', 'Centre Clearances', 'Behinds', 'Stoppage Clearances', 'Ineffective Disposals', 'Winloss']",1.0000000000000002,-1.4e-05,-1.4e-05,-1.4e-05,0.295238,0.295243,0.295259,,,,25.84,37.0,42.0,MSELoss(),./,<function TabularDataFactory at 0x7cd1a613eb00>,<class 'PyTorch2Sklearn.utils.data.TabularDataset'>,Transformer,1.0,Regression,True,37.0,36.0,128.0
16.0,1.0,1.0,0.1,1024.0,4.0,True,False,10.0,0.01,False,False,"['Effective Disposals', 'Disposals', 'Contested Possessions', 'Goals', 'Score Involvements', 'Hitouts', 'Kicks', 'Tackles', 'One Percenters', 'Clangers', 'Contested Marks', 'Tackles Outside 50', 'Metres Gained', 'Marks', 'Behind Assists', 'Intercepts', 'Marks Inside 50', 'Goal Assists', 'Frees Agains', 'Tackles Inside 50', 'Handballs', 'Marks Outside 50', 'Time On Ground %', 'Rebound 50s', 'Disposal Efficiency %', 'Uncontested Marks', 'Frees For', 'Clearances', 'Inside 50s', 'Turnovers', 'Bounces', 'Uncontested Possessions', 'Centre Clearances', 'Behinds', 'Stoppage Clearances', 'Ineffective Disposals', 'Winloss']",1.0000000000000002,-4e-06,-4e-06,-4e-06,0.295237,0.295242,0.295258,,,,30.78,37.0,42.0,MSELoss(),./,<function TabularDataFactory at 0x7cd1a613eb00>,<class 'PyTorch2Sklearn.utils.data.TabularDataset'>,Transformer,1.0,Regression,True,37.0,36.0,129.0
16.0,1.0,1.0,0.1,2048.0,4.0,True,False,10.0,0.01,False,False,"['Effective Disposals', 'Disposals', 'Contested Possessions', 'Goals', 'Score Involvements', 'Hitouts', 'Kicks', 'Tackles', 'One Percenters', 'Clangers', 'Contested Marks', 'Tackles Outside 50', 'Metres Gained', 'Marks', 'Behind Assists', 'Intercepts', 'Marks Inside 50', 'Goal Assists', 'Frees Agains', 'Tackles Inside 50', 'Handballs', 'Marks Outside 50', 'Time On Ground %', 'Rebound 50s', 'Disposal Efficiency %', 'Uncontested Marks', 'Frees For', 'Clearances', 'Inside 50s', 'Turnovers', 'Bounces', 'Uncontested Possessions', 'Centre Clearances', 'Behinds', 'Stoppage Clearances', 'Ineffective Disposals', 'Winloss']",1.0000000000000002,-8.8e-05,-8.8e-05,-8.8e-05,0.295249,0.295254,0.29527,,,,51.65,37.0,42.0,MSELoss(),./,<function TabularDataFactory at 0x7cd1a613eb00>,<class 'PyTorch2Sklearn.utils.data.TabularDataset'>,Transformer,1.0,Regression,True,37.0,36.0,130.0
16.0,1.0,1.0,0.1,4096.0,4.0,True,False,10.0,0.01,False,False,"['Effective Disposals', 'Disposals', 'Contested Possessions', 'Goals', 'Score Involvements', 'Hitouts', 'Kicks', 'Tackles', 'One Percenters', 'Clangers', 'Contested Marks', 'Tackles Outside 50', 'Metres Gained', 'Marks', 'Behind Assists', 'Intercepts', 'Marks Inside 50', 'Goal Assists', 'Frees Agains', 'Tackles Inside 50', 'Handballs', 'Marks Outside 50', 'Time On Ground %', 'Rebound 50s', 'Disposal Efficiency %', 'Uncontested Marks', 'Frees For', 'Clearances', 'Inside 50s', 'Turnovers', 'Bounces', 'Uncontested Possessions', 'Centre Clearances', 'Behinds', 'Stoppage Clearances', 'Ineffective Disposals', 'Winloss']",1.0000000000000002,-0.026845,-0.026844,-0.026841,0.299173,0.299178,0.299193,,,,91.26,37.0,42.0,MSELoss(),./,<function TabularDataFactory at 0x7cd1a613eb00>,<class 'PyTorch2Sklearn.utils.data.TabularDataset'>,Transformer,1.0,Regression,True,37.0,36.0,131.0
