learning_rate,n_estimators,subsample,min_samples_split,max_depth,max_features,features,feature combo ningxiang score,Train r2,Val r2,Test r2,Train rmse,Val rmse,Test rmse,Train mape,Val mape,Test mape,Time,random_state,n_columns,n_features,Precedence
0.01,50.0,0.85,2.0,12.0,0.85,['Effective Disposals'],0.44653042996227,0.386732,0.36973,0.372258,0.231204,0.234391,0.233933,,,,6.49,42.0,1.0,0.0,0.0
0.01,50.0,0.85,2.0,12.0,0.85,"['Effective Disposals', 'Disposals']",0.5902700666140068,0.414902,0.383097,0.384889,0.225831,0.231892,0.231567,,,,5.04,42.0,2.0,1.0,1.0
0.01,50.0,0.85,2.0,12.0,0.85,"['Effective Disposals', 'Disposals', 'Contested Possessions']",0.6884421836299831,0.469908,0.426641,0.430785,0.214954,0.223558,0.222761,,,,10.28,42.0,3.0,2.0,2.0
0.01,50.0,0.85,2.0,12.0,0.85,"['Effective Disposals', 'Disposals', 'Contested Possessions', 'Goals']",0.7573402957514369,0.514758,0.474758,0.478334,0.20566,0.213972,0.213254,,,,13.67,42.0,4.0,3.0,3.0
0.01,50.0,0.85,2.0,12.0,0.85,"['Effective Disposals', 'Disposals', 'Contested Possessions', 'Goals', 'Score Involvements']",0.7965879020682821,0.522613,0.479719,0.48286,0.203988,0.212959,0.212327,,,,17.32,42.0,5.0,4.0,4.0
0.01,50.0,0.85,2.0,12.0,0.85,"['Effective Disposals', 'Disposals', 'Contested Possessions', 'Goals', 'Score Involvements', 'Hitouts']",0.8334493582092865,0.535336,0.499178,0.502563,0.201252,0.208939,0.208242,,,,23.03,42.0,6.0,5.0,5.0
0.01,50.0,0.85,2.0,12.0,0.85,"['Effective Disposals', 'Disposals', 'Contested Possessions', 'Goals', 'Score Involvements', 'Hitouts', 'Kicks']",0.8643600434499222,0.546319,0.509413,0.512144,0.198859,0.206793,0.206227,,,,21.08,42.0,7.0,6.0,6.0
0.01,50.0,0.85,2.0,12.0,0.85,"['Effective Disposals', 'Disposals', 'Contested Possessions', 'Goals', 'Score Involvements', 'Hitouts', 'Kicks', 'Tackles']",0.8888584293867895,0.556704,0.520643,0.522274,0.19657,0.204412,0.204075,,,,26.15,42.0,8.0,7.0,7.0
0.01,50.0,0.85,2.0,12.0,0.85,"['Effective Disposals', 'Disposals', 'Contested Possessions', 'Goals', 'Score Involvements', 'Hitouts', 'Kicks', 'Tackles', 'One Percenters']",0.908246584633331,0.56785,0.532515,0.534836,0.194083,0.201865,0.201374,,,,31.06,42.0,9.0,8.0,8.0
0.01,50.0,0.85,2.0,12.0,0.85,"['Effective Disposals', 'Disposals', 'Contested Possessions', 'Goals', 'Score Involvements', 'Hitouts', 'Kicks', 'Tackles', 'One Percenters', 'Clangers']",0.921724797043356,0.573764,0.538569,0.540841,0.19275,0.200554,0.20007,,,,34.15,42.0,10.0,9.0,9.0
0.01,50.0,0.85,2.0,12.0,0.85,"['Effective Disposals', 'Disposals', 'Contested Possessions', 'Goals', 'Score Involvements', 'Hitouts', 'Kicks', 'Tackles', 'One Percenters', 'Clangers', 'Contested Marks']",0.9296124325661,0.574579,0.538803,0.541578,0.192566,0.200503,0.199909,,,,38.22,42.0,11.0,10.0,10.0
0.01,50.0,0.85,2.0,12.0,0.85,"['Effective Disposals', 'Disposals', 'Contested Possessions', 'Goals', 'Score Involvements', 'Hitouts', 'Kicks', 'Tackles', 'One Percenters', 'Clangers', 'Contested Marks', 'Tackles Outside 50']",0.9370952172710802,0.574949,0.538459,0.540924,0.192482,0.200578,0.200052,,,,44.04,42.0,12.0,11.0,11.0
0.01,50.0,0.85,2.0,12.0,0.85,"['Effective Disposals', 'Disposals', 'Contested Possessions', 'Goals', 'Score Involvements', 'Hitouts', 'Kicks', 'Tackles', 'One Percenters', 'Clangers', 'Contested Marks', 'Tackles Outside 50', 'Metres Gained']",0.943798522826618,0.575237,0.53841,0.540839,0.192417,0.200588,0.20007,,,,47.53,42.0,13.0,12.0,12.0
0.01,50.0,0.85,2.0,12.0,0.85,"['Effective Disposals', 'Disposals', 'Contested Possessions', 'Goals', 'Score Involvements', 'Hitouts', 'Kicks', 'Tackles', 'One Percenters', 'Clangers', 'Contested Marks', 'Tackles Outside 50', 'Metres Gained', 'Marks']",0.9503332272292372,0.575871,0.538688,0.541068,0.192273,0.200528,0.20002,,,,48.41,42.0,14.0,13.0,13.0
0.01,50.0,0.85,2.0,12.0,0.85,"['Effective Disposals', 'Disposals', 'Contested Possessions', 'Goals', 'Score Involvements', 'Hitouts', 'Kicks', 'Tackles', 'One Percenters', 'Clangers', 'Contested Marks', 'Tackles Outside 50', 'Metres Gained', 'Marks', 'Behind Assists']",0.9565296687326263,0.575946,0.538546,0.541116,0.192256,0.200559,0.20001,,,,50.26,42.0,15.0,14.0,14.0
0.01,50.0,0.85,2.0,12.0,0.85,"['Effective Disposals', 'Disposals', 'Contested Possessions', 'Goals', 'Score Involvements', 'Hitouts', 'Kicks', 'Tackles', 'One Percenters', 'Clangers', 'Contested Marks', 'Tackles Outside 50', 'Metres Gained', 'Marks', 'Behind Assists', 'Intercepts']",0.9611499564974356,0.576104,0.538408,0.54063,0.19222,0.200589,0.200116,,,,56.66,42.0,16.0,15.0,15.0
0.01,50.0,0.85,2.0,12.0,0.85,"['Effective Disposals', 'Disposals', 'Contested Possessions', 'Goals', 'Score Involvements', 'Hitouts', 'Kicks', 'Tackles', 'One Percenters', 'Clangers', 'Contested Marks', 'Tackles Outside 50', 'Metres Gained', 'Marks', 'Behind Assists', 'Intercepts', 'Marks Inside 50']",0.9645858003064072,0.576603,0.538228,0.540592,0.192107,0.200628,0.200124,,,,59.77,42.0,17.0,16.0,16.0
0.01,50.0,0.85,2.0,12.0,0.85,"['Effective Disposals', 'Disposals', 'Contested Possessions', 'Goals', 'Score Involvements', 'Hitouts', 'Kicks', 'Tackles', 'One Percenters', 'Clangers', 'Contested Marks', 'Tackles Outside 50', 'Metres Gained', 'Marks', 'Behind Assists', 'Intercepts', 'Marks Inside 50', 'Goal Assists']",0.9673770870917228,0.576887,0.538373,0.540599,0.192043,0.200596,0.200123,,,,62.24,42.0,18.0,17.0,17.0
0.01,50.0,0.85,2.0,12.0,0.85,"['Effective Disposals', 'Disposals', 'Contested Possessions', 'Goals', 'Score Involvements', 'Hitouts', 'Kicks', 'Tackles', 'One Percenters', 'Clangers', 'Contested Marks', 'Tackles Outside 50', 'Metres Gained', 'Marks', 'Behind Assists', 'Intercepts', 'Marks Inside 50', 'Goal Assists', 'Frees Agains']",0.9701515001846404,0.577002,0.538147,0.54099,0.192017,0.200645,0.200038,,,,65.96,42.0,19.0,18.0,18.0
0.01,50.0,0.85,2.0,12.0,0.85,"['Effective Disposals', 'Disposals', 'Contested Possessions', 'Goals', 'Score Involvements', 'Hitouts', 'Kicks', 'Tackles', 'One Percenters', 'Clangers', 'Contested Marks', 'Tackles Outside 50', 'Metres Gained', 'Marks', 'Behind Assists', 'Intercepts', 'Marks Inside 50', 'Goal Assists', 'Frees Agains', 'Tackles Inside 50']",0.9727234836103577,0.577069,0.537871,0.540559,0.192001,0.200705,0.200131,,,,68.0,42.0,20.0,19.0,19.0
0.01,50.0,0.85,2.0,12.0,0.85,"['Effective Disposals', 'Disposals', 'Contested Possessions', 'Goals', 'Score Involvements', 'Hitouts', 'Kicks', 'Tackles', 'One Percenters', 'Clangers', 'Contested Marks', 'Tackles Outside 50', 'Metres Gained', 'Marks', 'Behind Assists', 'Intercepts', 'Marks Inside 50', 'Goal Assists', 'Frees Agains', 'Tackles Inside 50', 'Handballs']",0.975217379174236,0.577178,0.538285,0.540318,0.191977,0.200615,0.200184,,,,71.12,42.0,21.0,20.0,20.0
0.01,50.0,0.85,2.0,12.0,0.85,"['Effective Disposals', 'Disposals', 'Contested Possessions', 'Goals', 'Score Involvements', 'Hitouts', 'Kicks', 'Tackles', 'One Percenters', 'Clangers', 'Contested Marks', 'Tackles Outside 50', 'Metres Gained', 'Marks', 'Behind Assists', 'Intercepts', 'Marks Inside 50', 'Goal Assists', 'Frees Agains', 'Tackles Inside 50', 'Handballs', 'Marks Outside 50']",0.9773390168194316,0.577156,0.537713,0.540298,0.191982,0.20074,0.200188,,,,75.23,42.0,22.0,21.0,21.0
0.01,50.0,0.85,2.0,12.0,0.85,"['Effective Disposals', 'Disposals', 'Contested Possessions', 'Goals', 'Score Involvements', 'Hitouts', 'Kicks', 'Tackles', 'One Percenters', 'Clangers', 'Contested Marks', 'Tackles Outside 50', 'Metres Gained', 'Marks', 'Behind Assists', 'Intercepts', 'Marks Inside 50', 'Goal Assists', 'Frees Agains', 'Tackles Inside 50', 'Handballs', 'Marks Outside 50', 'Time On Ground %']",0.9794518706907822,0.577327,0.53768,0.539907,0.191943,0.200747,0.200273,,,,79.25,42.0,23.0,22.0,22.0
0.01,50.0,0.85,2.0,12.0,0.85,"['Effective Disposals', 'Disposals', 'Contested Possessions', 'Goals', 'Score Involvements', 'Hitouts', 'Kicks', 'Tackles', 'One Percenters', 'Clangers', 'Contested Marks', 'Tackles Outside 50', 'Metres Gained', 'Marks', 'Behind Assists', 'Intercepts', 'Marks Inside 50', 'Goal Assists', 'Frees Agains', 'Tackles Inside 50', 'Handballs', 'Marks Outside 50', 'Time On Ground %', 'Rebound 50s']",0.981268113923304,0.577328,0.537518,0.539772,0.191943,0.200782,0.200303,,,,86.43,42.0,24.0,23.0,23.0
0.01,50.0,0.85,2.0,12.0,0.85,"['Effective Disposals', 'Disposals', 'Contested Possessions', 'Goals', 'Score Involvements', 'Hitouts', 'Kicks', 'Tackles', 'One Percenters', 'Clangers', 'Contested Marks', 'Tackles Outside 50', 'Metres Gained', 'Marks', 'Behind Assists', 'Intercepts', 'Marks Inside 50', 'Goal Assists', 'Frees Agains', 'Tackles Inside 50', 'Handballs', 'Marks Outside 50', 'Time On Ground %', 'Rebound 50s', 'Disposal Efficiency %']",0.9830121267145816,0.577398,0.537405,0.540038,0.191927,0.200807,0.200245,,,,87.91,42.0,25.0,24.0,24.0
0.01,50.0,0.85,2.0,12.0,0.85,"['Effective Disposals', 'Disposals', 'Contested Possessions', 'Goals', 'Score Involvements', 'Hitouts', 'Kicks', 'Tackles', 'One Percenters', 'Clangers', 'Contested Marks', 'Tackles Outside 50', 'Metres Gained', 'Marks', 'Behind Assists', 'Intercepts', 'Marks Inside 50', 'Goal Assists', 'Frees Agains', 'Tackles Inside 50', 'Handballs', 'Marks Outside 50', 'Time On Ground %', 'Rebound 50s', 'Disposal Efficiency %', 'Uncontested Marks']",0.9847276615664784,0.57754,0.537521,0.539817,0.191895,0.200781,0.200293,,,,91.7,42.0,26.0,25.0,25.0
0.01,50.0,0.85,2.0,12.0,0.85,"['Effective Disposals', 'Disposals', 'Contested Possessions', 'Goals', 'Score Involvements', 'Hitouts', 'Kicks', 'Tackles', 'One Percenters', 'Clangers', 'Contested Marks', 'Tackles Outside 50', 'Metres Gained', 'Marks', 'Behind Assists', 'Intercepts', 'Marks Inside 50', 'Goal Assists', 'Frees Agains', 'Tackles Inside 50', 'Handballs', 'Marks Outside 50', 'Time On Ground %', 'Rebound 50s', 'Disposal Efficiency %', 'Uncontested Marks', 'Frees For']",0.9864022991207512,0.577593,0.536995,0.539436,0.191882,0.200895,0.200376,,,,91.07,42.0,27.0,26.0,26.0
0.01,50.0,0.85,2.0,12.0,0.85,"['Effective Disposals', 'Disposals', 'Contested Possessions', 'Goals', 'Score Involvements', 'Hitouts', 'Kicks', 'Tackles', 'One Percenters', 'Clangers', 'Contested Marks', 'Tackles Outside 50', 'Metres Gained', 'Marks', 'Behind Assists', 'Intercepts', 'Marks Inside 50', 'Goal Assists', 'Frees Agains', 'Tackles Inside 50', 'Handballs', 'Marks Outside 50', 'Time On Ground %', 'Rebound 50s', 'Disposal Efficiency %', 'Uncontested Marks', 'Frees For', 'Clearances']",0.9880071555759266,0.577435,0.537189,0.539418,0.191918,0.200853,0.20038,,,,94.91,42.0,28.0,27.0,27.0
0.01,50.0,0.85,2.0,12.0,0.85,"['Effective Disposals', 'Disposals', 'Contested Possessions', 'Goals', 'Score Involvements', 'Hitouts', 'Kicks', 'Tackles', 'One Percenters', 'Clangers', 'Contested Marks', 'Tackles Outside 50', 'Metres Gained', 'Marks', 'Behind Assists', 'Intercepts', 'Marks Inside 50', 'Goal Assists', 'Frees Agains', 'Tackles Inside 50', 'Handballs', 'Marks Outside 50', 'Time On Ground %', 'Rebound 50s', 'Disposal Efficiency %', 'Uncontested Marks', 'Frees For', 'Clearances', 'Inside 50s']",0.989568451403329,0.57748,0.537042,0.539236,0.191908,0.200885,0.200419,,,,101.18,42.0,29.0,28.0,28.0
0.01,50.0,0.85,2.0,12.0,0.85,"['Effective Disposals', 'Disposals', 'Contested Possessions', 'Goals', 'Score Involvements', 'Hitouts', 'Kicks', 'Tackles', 'One Percenters', 'Clangers', 'Contested Marks', 'Tackles Outside 50', 'Metres Gained', 'Marks', 'Behind Assists', 'Intercepts', 'Marks Inside 50', 'Goal Assists', 'Frees Agains', 'Tackles Inside 50', 'Handballs', 'Marks Outside 50', 'Time On Ground %', 'Rebound 50s', 'Disposal Efficiency %', 'Uncontested Marks', 'Frees For', 'Clearances', 'Inside 50s', 'Turnovers']",0.9911132734549049,0.577573,0.536867,0.539079,0.191887,0.200923,0.200453,,,,102.74,42.0,30.0,29.0,29.0
0.01,50.0,0.85,2.0,12.0,0.85,"['Effective Disposals', 'Disposals', 'Contested Possessions', 'Goals', 'Score Involvements', 'Hitouts', 'Kicks', 'Tackles', 'One Percenters', 'Clangers', 'Contested Marks', 'Tackles Outside 50', 'Metres Gained', 'Marks', 'Behind Assists', 'Intercepts', 'Marks Inside 50', 'Goal Assists', 'Frees Agains', 'Tackles Inside 50', 'Handballs', 'Marks Outside 50', 'Time On Ground %', 'Rebound 50s', 'Disposal Efficiency %', 'Uncontested Marks', 'Frees For', 'Clearances', 'Inside 50s', 'Turnovers', 'Bounces']",0.9926434124424228,0.577728,0.536996,0.539329,0.191852,0.200895,0.200399,,,,107.14,42.0,31.0,30.0,30.0
0.01,50.0,0.85,2.0,12.0,0.85,"['Effective Disposals', 'Disposals', 'Contested Possessions', 'Goals', 'Score Involvements', 'Hitouts', 'Kicks', 'Tackles', 'One Percenters', 'Clangers', 'Contested Marks', 'Tackles Outside 50', 'Metres Gained', 'Marks', 'Behind Assists', 'Intercepts', 'Marks Inside 50', 'Goal Assists', 'Frees Agains', 'Tackles Inside 50', 'Handballs', 'Marks Outside 50', 'Time On Ground %', 'Rebound 50s', 'Disposal Efficiency %', 'Uncontested Marks', 'Frees For', 'Clearances', 'Inside 50s', 'Turnovers', 'Bounces', 'Uncontested Possessions']",0.9941282512295924,0.57778,0.536734,0.539368,0.19184,0.200952,0.200391,,,,111.96,42.0,32.0,31.0,31.0
0.01,50.0,0.85,2.0,12.0,0.85,"['Effective Disposals', 'Disposals', 'Contested Possessions', 'Goals', 'Score Involvements', 'Hitouts', 'Kicks', 'Tackles', 'One Percenters', 'Clangers', 'Contested Marks', 'Tackles Outside 50', 'Metres Gained', 'Marks', 'Behind Assists', 'Intercepts', 'Marks Inside 50', 'Goal Assists', 'Frees Agains', 'Tackles Inside 50', 'Handballs', 'Marks Outside 50', 'Time On Ground %', 'Rebound 50s', 'Disposal Efficiency %', 'Uncontested Marks', 'Frees For', 'Clearances', 'Inside 50s', 'Turnovers', 'Bounces', 'Uncontested Possessions', 'Centre Clearances']",0.9954600443092164,0.577806,0.536924,0.539336,0.191834,0.200911,0.200398,,,,113.55,42.0,33.0,32.0,32.0
0.01,50.0,0.85,2.0,12.0,0.85,"['Effective Disposals', 'Disposals', 'Contested Possessions', 'Goals', 'Score Involvements', 'Hitouts', 'Kicks', 'Tackles', 'One Percenters', 'Clangers', 'Contested Marks', 'Tackles Outside 50', 'Metres Gained', 'Marks', 'Behind Assists', 'Intercepts', 'Marks Inside 50', 'Goal Assists', 'Frees Agains', 'Tackles Inside 50', 'Handballs', 'Marks Outside 50', 'Time On Ground %', 'Rebound 50s', 'Disposal Efficiency %', 'Uncontested Marks', 'Frees For', 'Clearances', 'Inside 50s', 'Turnovers', 'Bounces', 'Uncontested Possessions', 'Centre Clearances', 'Behinds']",0.9967759764723418,0.577693,0.536155,0.539001,0.19186,0.201077,0.20047,,,,114.78,42.0,34.0,33.0,33.0
0.01,50.0,0.85,2.0,12.0,0.85,"['Effective Disposals', 'Disposals', 'Contested Possessions', 'Goals', 'Score Involvements', 'Hitouts', 'Kicks', 'Tackles', 'One Percenters', 'Clangers', 'Contested Marks', 'Tackles Outside 50', 'Metres Gained', 'Marks', 'Behind Assists', 'Intercepts', 'Marks Inside 50', 'Goal Assists', 'Frees Agains', 'Tackles Inside 50', 'Handballs', 'Marks Outside 50', 'Time On Ground %', 'Rebound 50s', 'Disposal Efficiency %', 'Uncontested Marks', 'Frees For', 'Clearances', 'Inside 50s', 'Turnovers', 'Bounces', 'Uncontested Possessions', 'Centre Clearances', 'Behinds', 'Stoppage Clearances']",0.998079867999009,0.57779,0.536219,0.539208,0.191838,0.201064,0.200425,,,,118.81,42.0,35.0,34.0,34.0
0.01,50.0,0.85,2.0,12.0,0.85,"['Effective Disposals', 'Disposals', 'Contested Possessions', 'Goals', 'Score Involvements', 'Hitouts', 'Kicks', 'Tackles', 'One Percenters', 'Clangers', 'Contested Marks', 'Tackles Outside 50', 'Metres Gained', 'Marks', 'Behind Assists', 'Intercepts', 'Marks Inside 50', 'Goal Assists', 'Frees Agains', 'Tackles Inside 50', 'Handballs', 'Marks Outside 50', 'Time On Ground %', 'Rebound 50s', 'Disposal Efficiency %', 'Uncontested Marks', 'Frees For', 'Clearances', 'Inside 50s', 'Turnovers', 'Bounces', 'Uncontested Possessions', 'Centre Clearances', 'Behinds', 'Stoppage Clearances', 'Ineffective Disposals']",0.999192674212217,0.577761,0.536376,0.538782,0.191844,0.20103,0.200518,,,,122.47,42.0,36.0,35.0,35.0
0.01,50.0,0.85,2.0,12.0,0.85,"['Effective Disposals', 'Disposals', 'Contested Possessions', 'Goals', 'Score Involvements', 'Hitouts', 'Kicks', 'Tackles', 'One Percenters', 'Clangers', 'Contested Marks', 'Tackles Outside 50', 'Metres Gained', 'Marks', 'Behind Assists', 'Intercepts', 'Marks Inside 50', 'Goal Assists', 'Frees Agains', 'Tackles Inside 50', 'Handballs', 'Marks Outside 50', 'Time On Ground %', 'Rebound 50s', 'Disposal Efficiency %', 'Uncontested Marks', 'Frees For', 'Clearances', 'Inside 50s', 'Turnovers', 'Bounces', 'Uncontested Possessions', 'Centre Clearances', 'Behinds', 'Stoppage Clearances', 'Ineffective Disposals', 'Winloss']",1.0000000000000002,0.578055,0.536769,0.539307,0.191777,0.200944,0.200404,,,,123.54,42.0,37.0,36.0,36.0
0.01,25.0,0.85,2.0,12.0,0.85,"['Effective Disposals', 'Disposals', 'Contested Possessions', 'Goals', 'Score Involvements', 'Hitouts', 'Kicks', 'Tackles', 'One Percenters', 'Clangers', 'Contested Marks']",0.9296124325661,0.35376,0.332909,0.33482,0.237338,0.24114,0.240807,,,,18.4,42.0,11.0,10.0,37.0
0.01,100.0,0.85,2.0,12.0,0.85,"['Effective Disposals', 'Disposals', 'Contested Possessions', 'Goals', 'Score Involvements', 'Hitouts', 'Kicks', 'Tackles', 'One Percenters', 'Clangers', 'Contested Marks']",0.9296124325661,0.801791,0.746491,0.749477,0.131441,0.148653,0.147783,,,,76.73,42.0,11.0,10.0,38.0
0.01,200.0,0.85,2.0,12.0,0.85,"['Effective Disposals', 'Disposals', 'Contested Possessions', 'Goals', 'Score Involvements', 'Hitouts', 'Kicks', 'Tackles', 'One Percenters', 'Clangers', 'Contested Marks']",0.9296124325661,0.935648,0.860909,0.863497,0.074895,0.11011,0.109086,,,,152.29,42.0,11.0,10.0,39.0
0.01,400.0,0.85,2.0,12.0,0.85,"['Effective Disposals', 'Disposals', 'Contested Possessions', 'Goals', 'Score Involvements', 'Hitouts', 'Kicks', 'Tackles', 'One Percenters', 'Clangers', 'Contested Marks']",0.9296124325661,0.973574,0.884966,0.886765,0.047994,0.100136,0.099355,,,,308.8,42.0,11.0,10.0,40.0
0.01,800.0,0.85,2.0,12.0,0.85,"['Effective Disposals', 'Disposals', 'Contested Possessions', 'Goals', 'Score Involvements', 'Hitouts', 'Kicks', 'Tackles', 'One Percenters', 'Clangers', 'Contested Marks']",0.9296124325661,0.983037,0.886884,0.888551,0.038452,0.099298,0.098569,,,,606.75,42.0,11.0,10.0,41.0
0.01,800.0,0.85,2.0,3.0,0.85,"['Effective Disposals', 'Disposals', 'Contested Possessions', 'Goals', 'Score Involvements', 'Hitouts', 'Kicks', 'Tackles', 'One Percenters', 'Clangers', 'Contested Marks']",0.9296124325661,0.876537,0.870178,0.873678,0.103738,0.106378,0.10494,,,,151.11,42.0,11.0,10.0,42.0
0.01,800.0,0.85,2.0,6.0,0.85,"['Effective Disposals', 'Disposals', 'Contested Possessions', 'Goals', 'Score Involvements', 'Hitouts', 'Kicks', 'Tackles', 'One Percenters', 'Clangers', 'Contested Marks']",0.9296124325661,0.906908,0.88639,0.889157,0.09008,0.099514,0.0983,,,,303.21,42.0,11.0,10.0,43.0
0.01,800.0,0.85,2.0,24.0,0.85,"['Effective Disposals', 'Disposals', 'Contested Possessions', 'Goals', 'Score Involvements', 'Hitouts', 'Kicks', 'Tackles', 'One Percenters', 'Clangers', 'Contested Marks']",0.9296124325661,0.999984,0.879919,0.881177,0.00117,0.102309,0.101777,,,,966.92,42.0,11.0,10.0,44.0
0.01,800.0,0.85,2.0,48.0,0.85,"['Effective Disposals', 'Disposals', 'Contested Possessions', 'Goals', 'Score Involvements', 'Hitouts', 'Kicks', 'Tackles', 'One Percenters', 'Clangers', 'Contested Marks']",0.9296124325661,0.999984,0.879753,0.880942,0.001168,0.10238,0.101878,,,,1006.23,42.0,11.0,10.0,45.0
0.01,800.0,0.85,2.0,96.0,0.85,"['Effective Disposals', 'Disposals', 'Contested Possessions', 'Goals', 'Score Involvements', 'Hitouts', 'Kicks', 'Tackles', 'One Percenters', 'Clangers', 'Contested Marks']",0.9296124325661,0.999984,0.879984,0.881348,0.001168,0.102281,0.101704,,,,1010.22,42.0,11.0,10.0,46.0
0.01,800.0,0.85,2.0,192.0,0.85,"['Effective Disposals', 'Disposals', 'Contested Possessions', 'Goals', 'Score Involvements', 'Hitouts', 'Kicks', 'Tackles', 'One Percenters', 'Clangers', 'Contested Marks']",0.9296124325661,0.999984,0.879984,0.881348,0.001168,0.102281,0.101704,,,,1006.1,42.0,11.0,10.0,47.0
0.01,800.0,0.85,2.0,384.0,0.85,"['Effective Disposals', 'Disposals', 'Contested Possessions', 'Goals', 'Score Involvements', 'Hitouts', 'Kicks', 'Tackles', 'One Percenters', 'Clangers', 'Contested Marks']",0.9296124325661,0.999984,0.879984,0.881348,0.001168,0.102281,0.101704,,,,1011.75,42.0,11.0,10.0,48.0
0.01,800.0,0.25,2.0,12.0,0.85,"['Effective Disposals', 'Disposals', 'Contested Possessions', 'Goals', 'Score Involvements', 'Hitouts', 'Kicks', 'Tackles', 'One Percenters', 'Clangers', 'Contested Marks']",0.9296124325661,0.960708,0.889944,0.891048,0.058522,0.097946,0.097458,,,,189.52,42.0,11.0,10.0,49.0
0.01,800.0,0.4,2.0,12.0,0.85,"['Effective Disposals', 'Disposals', 'Contested Possessions', 'Goals', 'Score Involvements', 'Hitouts', 'Kicks', 'Tackles', 'One Percenters', 'Clangers', 'Contested Marks']",0.9296124325661,0.971012,0.889467,0.890061,0.050267,0.098157,0.097899,,,,296.65,42.0,11.0,10.0,50.0
0.01,800.0,0.55,2.0,12.0,0.85,"['Effective Disposals', 'Disposals', 'Contested Possessions', 'Goals', 'Score Involvements', 'Hitouts', 'Kicks', 'Tackles', 'One Percenters', 'Clangers', 'Contested Marks']",0.9296124325661,0.976765,0.888363,0.889777,0.045003,0.098646,0.098025,,,,413.6,42.0,11.0,10.0,51.0
0.01,800.0,0.7,2.0,12.0,0.85,"['Effective Disposals', 'Disposals', 'Contested Possessions', 'Goals', 'Score Involvements', 'Hitouts', 'Kicks', 'Tackles', 'One Percenters', 'Clangers', 'Contested Marks']",0.9296124325661,0.980653,0.887916,0.889436,0.041066,0.098844,0.098177,,,,503.31,42.0,11.0,10.0,52.0
0.01,800.0,1.0,2.0,12.0,0.85,"['Effective Disposals', 'Disposals', 'Contested Possessions', 'Goals', 'Score Involvements', 'Hitouts', 'Kicks', 'Tackles', 'One Percenters', 'Clangers', 'Contested Marks']",0.9296124325661,0.984748,0.885703,0.886791,0.036461,0.099815,0.099344,,,,699.33,42.0,11.0,10.0,53.0
0.01,800.0,0.25,2.0,12.0,0.25,"['Effective Disposals', 'Disposals', 'Contested Possessions', 'Goals', 'Score Involvements', 'Hitouts', 'Kicks', 'Tackles', 'One Percenters', 'Clangers', 'Contested Marks']",0.9296124325661,0.954147,0.889737,0.891533,0.06322,0.098037,0.097241,,,,52.9,42.0,11.0,10.0,54.0
0.01,800.0,0.25,2.0,12.0,0.4,"['Effective Disposals', 'Disposals', 'Contested Possessions', 'Goals', 'Score Involvements', 'Hitouts', 'Kicks', 'Tackles', 'One Percenters', 'Clangers', 'Contested Marks']",0.9296124325661,0.958305,0.889909,0.890864,0.060286,0.097961,0.097541,,,,92.21,42.0,11.0,10.0,55.0
0.01,800.0,0.25,2.0,12.0,0.55,"['Effective Disposals', 'Disposals', 'Contested Possessions', 'Goals', 'Score Involvements', 'Hitouts', 'Kicks', 'Tackles', 'One Percenters', 'Clangers', 'Contested Marks']",0.9296124325661,0.959336,0.88987,0.890909,0.059535,0.097978,0.09752,,,,130.05,42.0,11.0,10.0,56.0
0.01,800.0,0.25,2.0,12.0,0.7,"['Effective Disposals', 'Disposals', 'Contested Possessions', 'Goals', 'Score Involvements', 'Hitouts', 'Kicks', 'Tackles', 'One Percenters', 'Clangers', 'Contested Marks']",0.9296124325661,0.960039,0.890632,0.891076,0.059018,0.097639,0.097446,,,,151.35,42.0,11.0,10.0,57.0
0.01,800.0,0.25,2.0,12.0,1.0,"['Effective Disposals', 'Disposals', 'Contested Possessions', 'Goals', 'Score Involvements', 'Hitouts', 'Kicks', 'Tackles', 'One Percenters', 'Clangers', 'Contested Marks']",0.9296124325661,0.946619,0.88899,0.890144,0.068212,0.098369,0.097861,,,,34.52,42.0,11.0,10.0,58.0
0.01,800.0,0.25,4.0,12.0,0.7,"['Effective Disposals', 'Disposals', 'Contested Possessions', 'Goals', 'Score Involvements', 'Hitouts', 'Kicks', 'Tackles', 'One Percenters', 'Clangers', 'Contested Marks']",0.9296124325661,0.958855,0.890465,0.89055,0.059886,0.097713,0.097681,,,,148.48,42.0,11.0,10.0,59.0
0.01,800.0,0.25,8.0,12.0,0.7,"['Effective Disposals', 'Disposals', 'Contested Possessions', 'Goals', 'Score Involvements', 'Hitouts', 'Kicks', 'Tackles', 'One Percenters', 'Clangers', 'Contested Marks']",0.9296124325661,0.955433,0.890424,0.890862,0.062327,0.097732,0.097541,,,,149.28,42.0,11.0,10.0,60.0
0.01,800.0,0.25,16.0,12.0,0.7,"['Effective Disposals', 'Disposals', 'Contested Possessions', 'Goals', 'Score Involvements', 'Hitouts', 'Kicks', 'Tackles', 'One Percenters', 'Clangers', 'Contested Marks']",0.9296124325661,0.948739,0.890885,0.891687,0.066844,0.097526,0.097172,,,,156.69,42.0,11.0,10.0,61.0
0.01,800.0,0.25,32.0,12.0,0.7,"['Effective Disposals', 'Disposals', 'Contested Possessions', 'Goals', 'Score Involvements', 'Hitouts', 'Kicks', 'Tackles', 'One Percenters', 'Clangers', 'Contested Marks']",0.9296124325661,0.939903,0.891266,0.891581,0.072376,0.097355,0.097219,,,,144.15,42.0,11.0,10.0,62.0
0.01,800.0,0.25,64.0,12.0,0.7,"['Effective Disposals', 'Disposals', 'Contested Possessions', 'Goals', 'Score Involvements', 'Hitouts', 'Kicks', 'Tackles', 'One Percenters', 'Clangers', 'Contested Marks']",0.9296124325661,0.929657,0.89128,0.891791,0.078303,0.097349,0.097125,,,,142.93,42.0,11.0,10.0,63.0
1e-08,800.0,0.25,64.0,12.0,0.7,"['Effective Disposals', 'Disposals', 'Contested Possessions', 'Goals', 'Score Involvements', 'Hitouts', 'Kicks', 'Tackles', 'One Percenters', 'Clangers', 'Contested Marks']",0.9296124325661,1.3e-05,1.3e-05,1.3e-05,0.295234,0.295239,0.295255,,,,126.44,42.0,11.0,10.0,64.0
1e-06,800.0,0.25,64.0,12.0,0.7,"['Effective Disposals', 'Disposals', 'Contested Possessions', 'Goals', 'Score Involvements', 'Hitouts', 'Kicks', 'Tackles', 'One Percenters', 'Clangers', 'Contested Marks']",0.9296124325661,0.001311,0.001292,0.001298,0.295043,0.295051,0.295065,,,,127.92,42.0,11.0,10.0,65.0
0.0001,800.0,0.25,64.0,12.0,0.7,"['Effective Disposals', 'Disposals', 'Contested Possessions', 'Goals', 'Score Involvements', 'Hitouts', 'Kicks', 'Tackles', 'One Percenters', 'Clangers', 'Contested Marks']",0.9296124325661,0.121842,0.120077,0.120568,0.276666,0.276949,0.276886,,,,127.23,42.0,11.0,10.0,66.0
0.1,800.0,0.25,64.0,12.0,0.7,"['Effective Disposals', 'Disposals', 'Contested Possessions', 'Goals', 'Score Involvements', 'Hitouts', 'Kicks', 'Tackles', 'One Percenters', 'Clangers', 'Contested Marks']",0.9296124325661,0.98459,0.861999,0.863191,0.03665,0.109678,0.109209,,,,145.11,42.0,11.0,10.0,67.0
1.0,800.0,0.25,64.0,12.0,0.7,"['Effective Disposals', 'Disposals', 'Contested Possessions', 'Goals', 'Score Involvements', 'Hitouts', 'Kicks', 'Tackles', 'One Percenters', 'Clangers', 'Contested Marks']",0.9296124325661,-29974033.789853,-73926531.245478,-192403744.9591,1616.375416,2538.500694,4095.501153,,,,150.13,42.0,11.0,10.0,68.0
10.0,800.0,0.25,64.0,12.0,0.7,"['Effective Disposals', 'Disposals', 'Contested Possessions', 'Goals', 'Score Involvements', 'Hitouts', 'Kicks', 'Tackles', 'One Percenters', 'Clangers', 'Contested Marks']",0.9296124325661,0.0,0.0,0.0,0.0,0.0,0.0,,,,68.81,42.0,11.0,10.0,69.0
0.01,800.0,0.25,64.0,12.0,0.7,['Effective Disposals'],0.44653042996227,0.615496,0.57999,0.581085,0.183071,0.19134,0.191101,,,,35.52,42.0,1.0,0.0,70.0
0.01,800.0,0.25,64.0,12.0,0.7,"['Effective Disposals', 'Disposals']",0.5902700666140068,0.653649,0.601165,0.603256,0.173751,0.186455,0.185975,,,,31.72,42.0,2.0,1.0,71.0
0.01,800.0,0.25,64.0,12.0,0.7,"['Effective Disposals', 'Disposals', 'Contested Possessions']",0.6884421836299831,0.732341,0.671373,0.678623,0.152743,0.16925,0.167381,,,,54.15,42.0,3.0,2.0,72.0
0.01,800.0,0.25,64.0,12.0,0.7,"['Effective Disposals', 'Disposals', 'Contested Possessions', 'Goals']",0.7573402957514369,0.804582,0.749886,0.752943,0.130512,0.147654,0.146757,,,,48.73,42.0,4.0,3.0,73.0
0.01,800.0,0.25,64.0,12.0,0.7,"['Effective Disposals', 'Disposals', 'Contested Possessions', 'Goals', 'Score Involvements']",0.7965879020682821,0.819199,0.758812,0.763132,0.125536,0.144996,0.143699,,,,69.6,42.0,5.0,4.0,74.0
0.01,800.0,0.25,64.0,12.0,0.7,"['Effective Disposals', 'Disposals', 'Contested Possessions', 'Goals', 'Score Involvements', 'Hitouts']",0.8334493582092865,0.84581,0.789893,0.7952,0.11593,0.135331,0.133618,,,,85.51,42.0,6.0,5.0,75.0
0.01,800.0,0.25,64.0,12.0,0.7,"['Effective Disposals', 'Disposals', 'Contested Possessions', 'Goals', 'Score Involvements', 'Hitouts', 'Kicks']",0.8643600434499222,0.867098,0.814115,0.816572,0.10763,0.127291,0.126454,,,,87.52,42.0,7.0,6.0,76.0
0.01,800.0,0.25,64.0,12.0,0.7,"['Effective Disposals', 'Disposals', 'Contested Possessions', 'Goals', 'Score Involvements', 'Hitouts', 'Kicks', 'Tackles']",0.8888584293867895,0.890536,0.839408,0.843305,0.09768,0.118315,0.116877,,,,106.6,42.0,8.0,7.0,77.0
0.01,800.0,0.25,64.0,12.0,0.7,"['Effective Disposals', 'Disposals', 'Contested Possessions', 'Goals', 'Score Involvements', 'Hitouts', 'Kicks', 'Tackles', 'One Percenters']",0.908246584633331,0.909759,0.864463,0.86721,0.088689,0.108694,0.107593,,,,128.2,42.0,9.0,8.0,78.0
0.01,800.0,0.25,64.0,12.0,0.7,"['Effective Disposals', 'Disposals', 'Contested Possessions', 'Goals', 'Score Involvements', 'Hitouts', 'Kicks', 'Tackles', 'One Percenters', 'Clangers']",0.921724797043356,0.926836,0.887096,0.888762,0.079858,0.099205,0.098475,,,,147.98,42.0,10.0,9.0,79.0
0.01,800.0,0.25,64.0,12.0,0.7,"['Effective Disposals', 'Disposals', 'Contested Possessions', 'Goals', 'Score Involvements', 'Hitouts', 'Kicks', 'Tackles', 'One Percenters', 'Clangers', 'Contested Marks', 'Tackles Outside 50']",0.9370952172710802,0.930409,0.89116,0.892284,0.077884,0.097403,0.096904,,,,161.47,42.0,12.0,11.0,80.0
0.01,800.0,0.25,64.0,12.0,0.7,"['Effective Disposals', 'Disposals', 'Contested Possessions', 'Goals', 'Score Involvements', 'Hitouts', 'Kicks', 'Tackles', 'One Percenters', 'Clangers', 'Contested Marks', 'Tackles Outside 50', 'Metres Gained']",0.943798522826618,0.932059,0.892225,0.892931,0.076955,0.096925,0.096612,,,,180.43,42.0,13.0,12.0,81.0
0.01,800.0,0.25,64.0,12.0,0.7,"['Effective Disposals', 'Disposals', 'Contested Possessions', 'Goals', 'Score Involvements', 'Hitouts', 'Kicks', 'Tackles', 'One Percenters', 'Clangers', 'Contested Marks', 'Tackles Outside 50', 'Metres Gained', 'Marks']",0.9503332272292372,0.934853,0.895807,0.895419,0.075356,0.095301,0.095483,,,,183.1,42.0,14.0,13.0,82.0
0.01,800.0,0.25,64.0,12.0,0.7,"['Effective Disposals', 'Disposals', 'Contested Possessions', 'Goals', 'Score Involvements', 'Hitouts', 'Kicks', 'Tackles', 'One Percenters', 'Clangers', 'Contested Marks', 'Tackles Outside 50', 'Metres Gained', 'Marks', 'Behind Assists']",0.9565296687326263,0.937983,0.898016,0.898135,0.073523,0.094285,0.094235,,,,201.13,42.0,15.0,14.0,83.0
0.01,800.0,0.25,64.0,12.0,0.7,"['Effective Disposals', 'Disposals', 'Contested Possessions', 'Goals', 'Score Involvements', 'Hitouts', 'Kicks', 'Tackles', 'One Percenters', 'Clangers', 'Contested Marks', 'Tackles Outside 50', 'Metres Gained', 'Marks', 'Behind Assists', 'Intercepts']",0.9611499564974356,0.939671,0.898496,0.899447,0.072516,0.094063,0.093626,,,,221.1,42.0,16.0,15.0,84.0
0.01,800.0,0.25,64.0,12.0,0.7,"['Effective Disposals', 'Disposals', 'Contested Possessions', 'Goals', 'Score Involvements', 'Hitouts', 'Kicks', 'Tackles', 'One Percenters', 'Clangers', 'Contested Marks', 'Tackles Outside 50', 'Metres Gained', 'Marks', 'Behind Assists', 'Intercepts', 'Marks Inside 50']",0.9645858003064072,0.939864,0.899001,0.899476,0.072399,0.093829,0.093613,,,,217.58,42.0,17.0,16.0,85.0
0.01,800.0,0.25,64.0,12.0,0.7,"['Effective Disposals', 'Disposals', 'Contested Possessions', 'Goals', 'Score Involvements', 'Hitouts', 'Kicks', 'Tackles', 'One Percenters', 'Clangers', 'Contested Marks', 'Tackles Outside 50', 'Metres Gained', 'Marks', 'Behind Assists', 'Intercepts', 'Marks Inside 50', 'Goal Assists']",0.9673770870917228,0.940376,0.900039,0.900105,0.072091,0.093345,0.093319,,,,230.11,42.0,18.0,17.0,86.0
0.01,800.0,0.25,64.0,12.0,0.7,"['Effective Disposals', 'Disposals', 'Contested Possessions', 'Goals', 'Score Involvements', 'Hitouts', 'Kicks', 'Tackles', 'One Percenters', 'Clangers', 'Contested Marks', 'Tackles Outside 50', 'Metres Gained', 'Marks', 'Behind Assists', 'Intercepts', 'Marks Inside 50', 'Goal Assists', 'Frees Agains']",0.9701515001846404,0.940773,0.899608,0.900256,0.07185,0.093546,0.093249,,,,249.37,42.0,19.0,18.0,87.0
0.01,800.0,0.25,64.0,12.0,0.7,"['Effective Disposals', 'Disposals', 'Contested Possessions', 'Goals', 'Score Involvements', 'Hitouts', 'Kicks', 'Tackles', 'One Percenters', 'Clangers', 'Contested Marks', 'Tackles Outside 50', 'Metres Gained', 'Marks', 'Behind Assists', 'Intercepts', 'Marks Inside 50', 'Goal Assists', 'Frees Agains', 'Tackles Inside 50']",0.9727234836103577,0.94136,0.900294,0.900625,0.071493,0.093226,0.093076,,,,262.92,42.0,20.0,19.0,88.0
0.01,800.0,0.25,64.0,12.0,0.7,"['Effective Disposals', 'Disposals', 'Contested Possessions', 'Goals', 'Score Involvements', 'Hitouts', 'Kicks', 'Tackles', 'One Percenters', 'Clangers', 'Contested Marks', 'Tackles Outside 50', 'Metres Gained', 'Marks', 'Behind Assists', 'Intercepts', 'Marks Inside 50', 'Goal Assists', 'Frees Agains', 'Tackles Inside 50', 'Handballs']",0.975217379174236,0.94137,0.900596,0.901359,0.071487,0.093085,0.092732,,,,265.96,42.0,21.0,20.0,89.0
0.01,800.0,0.25,64.0,12.0,0.7,"['Effective Disposals', 'Disposals', 'Contested Possessions', 'Goals', 'Score Involvements', 'Hitouts', 'Kicks', 'Tackles', 'One Percenters', 'Clangers', 'Contested Marks', 'Tackles Outside 50', 'Metres Gained', 'Marks', 'Behind Assists', 'Intercepts', 'Marks Inside 50', 'Goal Assists', 'Frees Agains', 'Tackles Inside 50', 'Handballs', 'Marks Outside 50']",0.9773390168194316,0.9417,0.900367,0.900778,0.071286,0.093192,0.093005,,,,286.16,42.0,22.0,21.0,90.0
0.01,800.0,0.25,64.0,12.0,0.7,"['Effective Disposals', 'Disposals', 'Contested Possessions', 'Goals', 'Score Involvements', 'Hitouts', 'Kicks', 'Tackles', 'One Percenters', 'Clangers', 'Contested Marks', 'Tackles Outside 50', 'Metres Gained', 'Marks', 'Behind Assists', 'Intercepts', 'Marks Inside 50', 'Goal Assists', 'Frees Agains', 'Tackles Inside 50', 'Handballs', 'Marks Outside 50', 'Time On Ground %']",0.9794518706907822,0.942206,0.900375,0.901072,0.070976,0.093188,0.092867,,,,304.23,42.0,23.0,22.0,91.0
0.01,800.0,0.25,64.0,12.0,0.7,"['Effective Disposals', 'Disposals', 'Contested Possessions', 'Goals', 'Score Involvements', 'Hitouts', 'Kicks', 'Tackles', 'One Percenters', 'Clangers', 'Contested Marks', 'Tackles Outside 50', 'Metres Gained', 'Marks', 'Behind Assists', 'Intercepts', 'Marks Inside 50', 'Goal Assists', 'Frees Agains', 'Tackles Inside 50', 'Handballs', 'Marks Outside 50', 'Time On Ground %', 'Rebound 50s']",0.981268113923304,0.9429,0.900991,0.90131,0.070548,0.0929,0.092755,,,,333.93,42.0,24.0,23.0,92.0
0.01,800.0,0.25,64.0,12.0,0.7,"['Effective Disposals', 'Disposals', 'Contested Possessions', 'Goals', 'Score Involvements', 'Hitouts', 'Kicks', 'Tackles', 'One Percenters', 'Clangers', 'Contested Marks', 'Tackles Outside 50', 'Metres Gained', 'Marks', 'Behind Assists', 'Intercepts', 'Marks Inside 50', 'Goal Assists', 'Frees Agains', 'Tackles Inside 50', 'Handballs', 'Marks Outside 50', 'Time On Ground %', 'Rebound 50s', 'Disposal Efficiency %']",0.9830121267145816,0.943253,0.900857,0.901758,0.07033,0.092963,0.092544,,,,330.26,42.0,25.0,24.0,93.0
0.01,800.0,0.25,64.0,12.0,0.7,"['Effective Disposals', 'Disposals', 'Contested Possessions', 'Goals', 'Score Involvements', 'Hitouts', 'Kicks', 'Tackles', 'One Percenters', 'Clangers', 'Contested Marks', 'Tackles Outside 50', 'Metres Gained', 'Marks', 'Behind Assists', 'Intercepts', 'Marks Inside 50', 'Goal Assists', 'Frees Agains', 'Tackles Inside 50', 'Handballs', 'Marks Outside 50', 'Time On Ground %', 'Rebound 50s', 'Disposal Efficiency %', 'Uncontested Marks']",0.9847276615664784,0.943414,0.900529,0.901952,0.07023,0.093116,0.092453,,,,344.88,42.0,26.0,25.0,94.0
0.01,800.0,0.25,64.0,12.0,0.7,"['Effective Disposals', 'Disposals', 'Contested Possessions', 'Goals', 'Score Involvements', 'Hitouts', 'Kicks', 'Tackles', 'One Percenters', 'Clangers', 'Contested Marks', 'Tackles Outside 50', 'Metres Gained', 'Marks', 'Behind Assists', 'Intercepts', 'Marks Inside 50', 'Goal Assists', 'Frees Agains', 'Tackles Inside 50', 'Handballs', 'Marks Outside 50', 'Time On Ground %', 'Rebound 50s', 'Disposal Efficiency %', 'Uncontested Marks', 'Frees For']",0.9864022991207512,0.943769,0.901003,0.901716,0.07001,0.092894,0.092564,,,,343.5,42.0,27.0,26.0,95.0
0.01,800.0,0.25,64.0,12.0,0.7,"['Effective Disposals', 'Disposals', 'Contested Possessions', 'Goals', 'Score Involvements', 'Hitouts', 'Kicks', 'Tackles', 'One Percenters', 'Clangers', 'Contested Marks', 'Tackles Outside 50', 'Metres Gained', 'Marks', 'Behind Assists', 'Intercepts', 'Marks Inside 50', 'Goal Assists', 'Frees Agains', 'Tackles Inside 50', 'Handballs', 'Marks Outside 50', 'Time On Ground %', 'Rebound 50s', 'Disposal Efficiency %', 'Uncontested Marks', 'Frees For', 'Clearances']",0.9880071555759266,0.944191,0.901565,0.901774,0.069746,0.09263,0.092537,,,,362.62,42.0,28.0,27.0,96.0
0.01,800.0,0.25,64.0,12.0,0.7,"['Effective Disposals', 'Disposals', 'Contested Possessions', 'Goals', 'Score Involvements', 'Hitouts', 'Kicks', 'Tackles', 'One Percenters', 'Clangers', 'Contested Marks', 'Tackles Outside 50', 'Metres Gained', 'Marks', 'Behind Assists', 'Intercepts', 'Marks Inside 50', 'Goal Assists', 'Frees Agains', 'Tackles Inside 50', 'Handballs', 'Marks Outside 50', 'Time On Ground %', 'Rebound 50s', 'Disposal Efficiency %', 'Uncontested Marks', 'Frees For', 'Clearances', 'Inside 50s']",0.989568451403329,0.944288,0.901227,0.901793,0.069686,0.092789,0.092528,,,,379.89,42.0,29.0,28.0,97.0
0.01,800.0,0.25,64.0,12.0,0.7,"['Effective Disposals', 'Disposals', 'Contested Possessions', 'Goals', 'Score Involvements', 'Hitouts', 'Kicks', 'Tackles', 'One Percenters', 'Clangers', 'Contested Marks', 'Tackles Outside 50', 'Metres Gained', 'Marks', 'Behind Assists', 'Intercepts', 'Marks Inside 50', 'Goal Assists', 'Frees Agains', 'Tackles Inside 50', 'Handballs', 'Marks Outside 50', 'Time On Ground %', 'Rebound 50s', 'Disposal Efficiency %', 'Uncontested Marks', 'Frees For', 'Clearances', 'Inside 50s', 'Turnovers']",0.9911132734549049,0.944546,0.901191,0.901651,0.069524,0.092806,0.092595,,,,396.75,42.0,30.0,29.0,98.0
0.01,800.0,0.25,64.0,12.0,0.7,"['Effective Disposals', 'Disposals', 'Contested Possessions', 'Goals', 'Score Involvements', 'Hitouts', 'Kicks', 'Tackles', 'One Percenters', 'Clangers', 'Contested Marks', 'Tackles Outside 50', 'Metres Gained', 'Marks', 'Behind Assists', 'Intercepts', 'Marks Inside 50', 'Goal Assists', 'Frees Agains', 'Tackles Inside 50', 'Handballs', 'Marks Outside 50', 'Time On Ground %', 'Rebound 50s', 'Disposal Efficiency %', 'Uncontested Marks', 'Frees For', 'Clearances', 'Inside 50s', 'Turnovers', 'Bounces']",0.9926434124424228,0.945577,0.902258,0.902595,0.068875,0.092304,0.092149,,,,394.46,42.0,31.0,30.0,99.0
0.01,800.0,0.25,64.0,12.0,0.7,"['Effective Disposals', 'Disposals', 'Contested Possessions', 'Goals', 'Score Involvements', 'Hitouts', 'Kicks', 'Tackles', 'One Percenters', 'Clangers', 'Contested Marks', 'Tackles Outside 50', 'Metres Gained', 'Marks', 'Behind Assists', 'Intercepts', 'Marks Inside 50', 'Goal Assists', 'Frees Agains', 'Tackles Inside 50', 'Handballs', 'Marks Outside 50', 'Time On Ground %', 'Rebound 50s', 'Disposal Efficiency %', 'Uncontested Marks', 'Frees For', 'Clearances', 'Inside 50s', 'Turnovers', 'Bounces', 'Uncontested Possessions']",0.9941282512295924,0.945761,0.902702,0.902782,0.068759,0.092093,0.09206,,,,412.39,42.0,32.0,31.0,100.0
0.01,800.0,0.25,64.0,12.0,0.7,"['Effective Disposals', 'Disposals', 'Contested Possessions', 'Goals', 'Score Involvements', 'Hitouts', 'Kicks', 'Tackles', 'One Percenters', 'Clangers', 'Contested Marks', 'Tackles Outside 50', 'Metres Gained', 'Marks', 'Behind Assists', 'Intercepts', 'Marks Inside 50', 'Goal Assists', 'Frees Agains', 'Tackles Inside 50', 'Handballs', 'Marks Outside 50', 'Time On Ground %', 'Rebound 50s', 'Disposal Efficiency %', 'Uncontested Marks', 'Frees For', 'Clearances', 'Inside 50s', 'Turnovers', 'Bounces', 'Uncontested Possessions', 'Centre Clearances']",0.9954600443092164,0.94602,0.902551,0.902619,0.068594,0.092165,0.092138,,,,432.6,42.0,33.0,32.0,101.0
0.01,800.0,0.25,64.0,12.0,0.7,"['Effective Disposals', 'Disposals', 'Contested Possessions', 'Goals', 'Score Involvements', 'Hitouts', 'Kicks', 'Tackles', 'One Percenters', 'Clangers', 'Contested Marks', 'Tackles Outside 50', 'Metres Gained', 'Marks', 'Behind Assists', 'Intercepts', 'Marks Inside 50', 'Goal Assists', 'Frees Agains', 'Tackles Inside 50', 'Handballs', 'Marks Outside 50', 'Time On Ground %', 'Rebound 50s', 'Disposal Efficiency %', 'Uncontested Marks', 'Frees For', 'Clearances', 'Inside 50s', 'Turnovers', 'Bounces', 'Uncontested Possessions', 'Centre Clearances', 'Behinds']",0.9967759764723418,0.946012,0.902254,0.90289,0.068599,0.092305,0.092009,,,,428.43,42.0,34.0,33.0,102.0
0.01,800.0,0.25,64.0,12.0,0.7,"['Effective Disposals', 'Disposals', 'Contested Possessions', 'Goals', 'Score Involvements', 'Hitouts', 'Kicks', 'Tackles', 'One Percenters', 'Clangers', 'Contested Marks', 'Tackles Outside 50', 'Metres Gained', 'Marks', 'Behind Assists', 'Intercepts', 'Marks Inside 50', 'Goal Assists', 'Frees Agains', 'Tackles Inside 50', 'Handballs', 'Marks Outside 50', 'Time On Ground %', 'Rebound 50s', 'Disposal Efficiency %', 'Uncontested Marks', 'Frees For', 'Clearances', 'Inside 50s', 'Turnovers', 'Bounces', 'Uncontested Possessions', 'Centre Clearances', 'Behinds', 'Stoppage Clearances']",0.998079867999009,0.946232,0.902295,0.902014,0.068459,0.092286,0.092423,,,,446.39,42.0,35.0,34.0,103.0
0.01,800.0,0.25,64.0,12.0,0.7,"['Effective Disposals', 'Disposals', 'Contested Possessions', 'Goals', 'Score Involvements', 'Hitouts', 'Kicks', 'Tackles', 'One Percenters', 'Clangers', 'Contested Marks', 'Tackles Outside 50', 'Metres Gained', 'Marks', 'Behind Assists', 'Intercepts', 'Marks Inside 50', 'Goal Assists', 'Frees Agains', 'Tackles Inside 50', 'Handballs', 'Marks Outside 50', 'Time On Ground %', 'Rebound 50s', 'Disposal Efficiency %', 'Uncontested Marks', 'Frees For', 'Clearances', 'Inside 50s', 'Turnovers', 'Bounces', 'Uncontested Possessions', 'Centre Clearances', 'Behinds', 'Stoppage Clearances', 'Ineffective Disposals']",0.999192674212217,0.946208,0.902343,0.902344,0.068475,0.092263,0.092268,,,,465.11,42.0,36.0,35.0,104.0
0.01,800.0,0.25,64.0,12.0,0.7,"['Effective Disposals', 'Disposals', 'Contested Possessions', 'Goals', 'Score Involvements', 'Hitouts', 'Kicks', 'Tackles', 'One Percenters', 'Clangers', 'Contested Marks', 'Tackles Outside 50', 'Metres Gained', 'Marks', 'Behind Assists', 'Intercepts', 'Marks Inside 50', 'Goal Assists', 'Frees Agains', 'Tackles Inside 50', 'Handballs', 'Marks Outside 50', 'Time On Ground %', 'Rebound 50s', 'Disposal Efficiency %', 'Uncontested Marks', 'Frees For', 'Clearances', 'Inside 50s', 'Turnovers', 'Bounces', 'Uncontested Possessions', 'Centre Clearances', 'Behinds', 'Stoppage Clearances', 'Ineffective Disposals', 'Winloss']",1.0000000000000002,0.947321,0.903042,0.902953,0.067762,0.091933,0.091979,,,,453.17,42.0,37.0,36.0,105.0
0.01,25.0,0.25,64.0,12.0,0.7,"['Effective Disposals', 'Disposals', 'Contested Possessions', 'Goals', 'Score Involvements', 'Hitouts', 'Kicks', 'Tackles', 'One Percenters', 'Clangers', 'Contested Marks', 'Tackles Outside 50', 'Metres Gained', 'Marks', 'Behind Assists', 'Intercepts', 'Marks Inside 50', 'Goal Assists', 'Frees Agains', 'Tackles Inside 50', 'Handballs', 'Marks Outside 50', 'Time On Ground %', 'Rebound 50s', 'Disposal Efficiency %', 'Uncontested Marks', 'Frees For', 'Clearances', 'Inside 50s', 'Turnovers', 'Bounces', 'Uncontested Possessions', 'Centre Clearances', 'Behinds', 'Stoppage Clearances', 'Ineffective Disposals', 'Winloss']",1.0000000000000002,0.328452,0.322284,0.323251,0.24194,0.243053,0.242892,,,,13.92,42.0,37.0,36.0,106.0
0.01,50.0,0.25,64.0,12.0,0.7,"['Effective Disposals', 'Disposals', 'Contested Possessions', 'Goals', 'Score Involvements', 'Hitouts', 'Kicks', 'Tackles', 'One Percenters', 'Clangers', 'Contested Marks', 'Tackles Outside 50', 'Metres Gained', 'Marks', 'Behind Assists', 'Intercepts', 'Marks Inside 50', 'Goal Assists', 'Frees Agains', 'Tackles Inside 50', 'Handballs', 'Marks Outside 50', 'Time On Ground %', 'Rebound 50s', 'Disposal Efficiency %', 'Uncontested Marks', 'Frees For', 'Clearances', 'Inside 50s', 'Turnovers', 'Bounces', 'Uncontested Possessions', 'Centre Clearances', 'Behinds', 'Stoppage Clearances', 'Ineffective Disposals', 'Winloss']",1.0000000000000002,0.53609,0.525133,0.527054,0.201088,0.203452,0.203051,,,,25.62,42.0,37.0,36.0,107.0
0.01,100.0,0.25,64.0,12.0,0.7,"['Effective Disposals', 'Disposals', 'Contested Possessions', 'Goals', 'Score Involvements', 'Hitouts', 'Kicks', 'Tackles', 'One Percenters', 'Clangers', 'Contested Marks', 'Tackles Outside 50', 'Metres Gained', 'Marks', 'Behind Assists', 'Intercepts', 'Marks Inside 50', 'Goal Assists', 'Frees Agains', 'Tackles Inside 50', 'Handballs', 'Marks Outside 50', 'Time On Ground %', 'Rebound 50s', 'Disposal Efficiency %', 'Uncontested Marks', 'Frees For', 'Clearances', 'Inside 50s', 'Turnovers', 'Bounces', 'Uncontested Possessions', 'Centre Clearances', 'Behinds', 'Stoppage Clearances', 'Ineffective Disposals', 'Winloss']",1.0000000000000002,0.754485,0.736613,0.73882,0.146288,0.151521,0.150893,,,,51.92,42.0,37.0,36.0,108.0
0.01,200.0,0.25,64.0,12.0,0.7,"['Effective Disposals', 'Disposals', 'Contested Possessions', 'Goals', 'Score Involvements', 'Hitouts', 'Kicks', 'Tackles', 'One Percenters', 'Clangers', 'Contested Marks', 'Tackles Outside 50', 'Metres Gained', 'Marks', 'Behind Assists', 'Intercepts', 'Marks Inside 50', 'Goal Assists', 'Frees Agains', 'Tackles Inside 50', 'Handballs', 'Marks Outside 50', 'Time On Ground %', 'Rebound 50s', 'Disposal Efficiency %', 'Uncontested Marks', 'Frees For', 'Clearances', 'Inside 50s', 'Turnovers', 'Bounces', 'Uncontested Possessions', 'Centre Clearances', 'Behinds', 'Stoppage Clearances', 'Ineffective Disposals', 'Winloss']",1.0000000000000002,0.890335,0.864148,0.865847,0.09777,0.10882,0.108144,,,,106.39,42.0,37.0,36.0,109.0
0.01,400.0,0.25,64.0,12.0,0.7,"['Effective Disposals', 'Disposals', 'Contested Possessions', 'Goals', 'Score Involvements', 'Hitouts', 'Kicks', 'Tackles', 'One Percenters', 'Clangers', 'Contested Marks', 'Tackles Outside 50', 'Metres Gained', 'Marks', 'Behind Assists', 'Intercepts', 'Marks Inside 50', 'Goal Assists', 'Frees Agains', 'Tackles Inside 50', 'Handballs', 'Marks Outside 50', 'Time On Ground %', 'Rebound 50s', 'Disposal Efficiency %', 'Uncontested Marks', 'Frees For', 'Clearances', 'Inside 50s', 'Turnovers', 'Bounces', 'Uncontested Possessions', 'Centre Clearances', 'Behinds', 'Stoppage Clearances', 'Ineffective Disposals', 'Winloss']",1.0000000000000002,0.933382,0.89834,0.898939,0.076202,0.094135,0.093862,,,,221.09,42.0,37.0,36.0,110.0
0.01,800.0,0.25,64.0,3.0,0.7,"['Effective Disposals', 'Disposals', 'Contested Possessions', 'Goals', 'Score Involvements', 'Hitouts', 'Kicks', 'Tackles', 'One Percenters', 'Clangers', 'Contested Marks', 'Tackles Outside 50', 'Metres Gained', 'Marks', 'Behind Assists', 'Intercepts', 'Marks Inside 50', 'Goal Assists', 'Frees Agains', 'Tackles Inside 50', 'Handballs', 'Marks Outside 50', 'Time On Ground %', 'Rebound 50s', 'Disposal Efficiency %', 'Uncontested Marks', 'Frees For', 'Clearances', 'Inside 50s', 'Turnovers', 'Bounces', 'Uncontested Possessions', 'Centre Clearances', 'Behinds', 'Stoppage Clearances', 'Ineffective Disposals', 'Winloss']",1.0000000000000002,0.882214,0.877463,0.880085,0.101325,0.10335,0.102244,,,,125.74,42.0,37.0,36.0,111.0
0.01,800.0,0.25,64.0,6.0,0.7,"['Effective Disposals', 'Disposals', 'Contested Possessions', 'Goals', 'Score Involvements', 'Hitouts', 'Kicks', 'Tackles', 'One Percenters', 'Clangers', 'Contested Marks', 'Tackles Outside 50', 'Metres Gained', 'Marks', 'Behind Assists', 'Intercepts', 'Marks Inside 50', 'Goal Assists', 'Frees Agains', 'Tackles Inside 50', 'Handballs', 'Marks Outside 50', 'Time On Ground %', 'Rebound 50s', 'Disposal Efficiency %', 'Uncontested Marks', 'Frees For', 'Clearances', 'Inside 50s', 'Turnovers', 'Bounces', 'Uncontested Possessions', 'Centre Clearances', 'Behinds', 'Stoppage Clearances', 'Ineffective Disposals', 'Winloss']",1.0000000000000002,0.913059,0.897648,0.899672,0.087053,0.094455,0.093521,,,,248.65,42.0,37.0,36.0,112.0
0.01,800.0,0.25,64.0,24.0,0.7,"['Effective Disposals', 'Disposals', 'Contested Possessions', 'Goals', 'Score Involvements', 'Hitouts', 'Kicks', 'Tackles', 'One Percenters', 'Clangers', 'Contested Marks', 'Tackles Outside 50', 'Metres Gained', 'Marks', 'Behind Assists', 'Intercepts', 'Marks Inside 50', 'Goal Assists', 'Frees Agains', 'Tackles Inside 50', 'Handballs', 'Marks Outside 50', 'Time On Ground %', 'Rebound 50s', 'Disposal Efficiency %', 'Uncontested Marks', 'Frees For', 'Clearances', 'Inside 50s', 'Turnovers', 'Bounces', 'Uncontested Possessions', 'Centre Clearances', 'Behinds', 'Stoppage Clearances', 'Ineffective Disposals', 'Winloss']",1.0000000000000002,0.967226,0.903307,0.903843,0.053448,0.091807,0.091557,,,,650.61,42.0,37.0,36.0,113.0
0.01,800.0,0.25,64.0,48.0,0.7,"['Effective Disposals', 'Disposals', 'Contested Possessions', 'Goals', 'Score Involvements', 'Hitouts', 'Kicks', 'Tackles', 'One Percenters', 'Clangers', 'Contested Marks', 'Tackles Outside 50', 'Metres Gained', 'Marks', 'Behind Assists', 'Intercepts', 'Marks Inside 50', 'Goal Assists', 'Frees Agains', 'Tackles Inside 50', 'Handballs', 'Marks Outside 50', 'Time On Ground %', 'Rebound 50s', 'Disposal Efficiency %', 'Uncontested Marks', 'Frees For', 'Clearances', 'Inside 50s', 'Turnovers', 'Bounces', 'Uncontested Possessions', 'Centre Clearances', 'Behinds', 'Stoppage Clearances', 'Ineffective Disposals', 'Winloss']",1.0000000000000002,0.971797,0.903164,0.903393,0.049581,0.091874,0.091771,,,,757.52,42.0,37.0,36.0,114.0
0.01,800.0,0.25,64.0,96.0,0.7,"['Effective Disposals', 'Disposals', 'Contested Possessions', 'Goals', 'Score Involvements', 'Hitouts', 'Kicks', 'Tackles', 'One Percenters', 'Clangers', 'Contested Marks', 'Tackles Outside 50', 'Metres Gained', 'Marks', 'Behind Assists', 'Intercepts', 'Marks Inside 50', 'Goal Assists', 'Frees Agains', 'Tackles Inside 50', 'Handballs', 'Marks Outside 50', 'Time On Ground %', 'Rebound 50s', 'Disposal Efficiency %', 'Uncontested Marks', 'Frees For', 'Clearances', 'Inside 50s', 'Turnovers', 'Bounces', 'Uncontested Possessions', 'Centre Clearances', 'Behinds', 'Stoppage Clearances', 'Ineffective Disposals', 'Winloss']",1.0000000000000002,0.971907,0.903504,0.903509,0.049485,0.091713,0.091716,,,,748.69,42.0,37.0,36.0,115.0
0.01,800.0,0.25,64.0,192.0,0.7,"['Effective Disposals', 'Disposals', 'Contested Possessions', 'Goals', 'Score Involvements', 'Hitouts', 'Kicks', 'Tackles', 'One Percenters', 'Clangers', 'Contested Marks', 'Tackles Outside 50', 'Metres Gained', 'Marks', 'Behind Assists', 'Intercepts', 'Marks Inside 50', 'Goal Assists', 'Frees Agains', 'Tackles Inside 50', 'Handballs', 'Marks Outside 50', 'Time On Ground %', 'Rebound 50s', 'Disposal Efficiency %', 'Uncontested Marks', 'Frees For', 'Clearances', 'Inside 50s', 'Turnovers', 'Bounces', 'Uncontested Possessions', 'Centre Clearances', 'Behinds', 'Stoppage Clearances', 'Ineffective Disposals', 'Winloss']",1.0000000000000002,0.971907,0.903504,0.903509,0.049485,0.091713,0.091716,,,,748.69,42.0,37.0,36.0,116.0
0.01,800.0,0.25,64.0,384.0,0.7,"['Effective Disposals', 'Disposals', 'Contested Possessions', 'Goals', 'Score Involvements', 'Hitouts', 'Kicks', 'Tackles', 'One Percenters', 'Clangers', 'Contested Marks', 'Tackles Outside 50', 'Metres Gained', 'Marks', 'Behind Assists', 'Intercepts', 'Marks Inside 50', 'Goal Assists', 'Frees Agains', 'Tackles Inside 50', 'Handballs', 'Marks Outside 50', 'Time On Ground %', 'Rebound 50s', 'Disposal Efficiency %', 'Uncontested Marks', 'Frees For', 'Clearances', 'Inside 50s', 'Turnovers', 'Bounces', 'Uncontested Possessions', 'Centre Clearances', 'Behinds', 'Stoppage Clearances', 'Ineffective Disposals', 'Winloss']",1.0000000000000002,0.971907,0.903504,0.903509,0.049485,0.091713,0.091716,,,,750.14,42.0,37.0,36.0,117.0
0.01,800.0,0.4,64.0,96.0,0.7,"['Effective Disposals', 'Disposals', 'Contested Possessions', 'Goals', 'Score Involvements', 'Hitouts', 'Kicks', 'Tackles', 'One Percenters', 'Clangers', 'Contested Marks', 'Tackles Outside 50', 'Metres Gained', 'Marks', 'Behind Assists', 'Intercepts', 'Marks Inside 50', 'Goal Assists', 'Frees Agains', 'Tackles Inside 50', 'Handballs', 'Marks Outside 50', 'Time On Ground %', 'Rebound 50s', 'Disposal Efficiency %', 'Uncontested Marks', 'Frees For', 'Clearances', 'Inside 50s', 'Turnovers', 'Bounces', 'Uncontested Possessions', 'Centre Clearances', 'Behinds', 'Stoppage Clearances', 'Ineffective Disposals', 'Winloss']",1.0000000000000002,0.986561,0.902888,0.903367,0.034226,0.092006,0.091783,,,,1272.1,42.0,37.0,36.0,118.0
0.01,800.0,0.55,64.0,96.0,0.7,"['Effective Disposals', 'Disposals', 'Contested Possessions', 'Goals', 'Score Involvements', 'Hitouts', 'Kicks', 'Tackles', 'One Percenters', 'Clangers', 'Contested Marks', 'Tackles Outside 50', 'Metres Gained', 'Marks', 'Behind Assists', 'Intercepts', 'Marks Inside 50', 'Goal Assists', 'Frees Agains', 'Tackles Inside 50', 'Handballs', 'Marks Outside 50', 'Time On Ground %', 'Rebound 50s', 'Disposal Efficiency %', 'Uncontested Marks', 'Frees For', 'Clearances', 'Inside 50s', 'Turnovers', 'Bounces', 'Uncontested Possessions', 'Centre Clearances', 'Behinds', 'Stoppage Clearances', 'Ineffective Disposals', 'Winloss']",1.0000000000000002,0.993492,0.902082,0.90265,0.023818,0.092387,0.092123,,,,1801.94,42.0,37.0,36.0,119.0
0.01,800.0,0.7,64.0,96.0,0.7,"['Effective Disposals', 'Disposals', 'Contested Possessions', 'Goals', 'Score Involvements', 'Hitouts', 'Kicks', 'Tackles', 'One Percenters', 'Clangers', 'Contested Marks', 'Tackles Outside 50', 'Metres Gained', 'Marks', 'Behind Assists', 'Intercepts', 'Marks Inside 50', 'Goal Assists', 'Frees Agains', 'Tackles Inside 50', 'Handballs', 'Marks Outside 50', 'Time On Ground %', 'Rebound 50s', 'Disposal Efficiency %', 'Uncontested Marks', 'Frees For', 'Clearances', 'Inside 50s', 'Turnovers', 'Bounces', 'Uncontested Possessions', 'Centre Clearances', 'Behinds', 'Stoppage Clearances', 'Ineffective Disposals', 'Winloss']",1.0000000000000002,0.996826,0.900686,0.90211,0.016634,0.093043,0.092378,,,,2300.74,42.0,37.0,36.0,120.0
0.01,800.0,0.85,64.0,96.0,0.7,"['Effective Disposals', 'Disposals', 'Contested Possessions', 'Goals', 'Score Involvements', 'Hitouts', 'Kicks', 'Tackles', 'One Percenters', 'Clangers', 'Contested Marks', 'Tackles Outside 50', 'Metres Gained', 'Marks', 'Behind Assists', 'Intercepts', 'Marks Inside 50', 'Goal Assists', 'Frees Agains', 'Tackles Inside 50', 'Handballs', 'Marks Outside 50', 'Time On Ground %', 'Rebound 50s', 'Disposal Efficiency %', 'Uncontested Marks', 'Frees For', 'Clearances', 'Inside 50s', 'Turnovers', 'Bounces', 'Uncontested Possessions', 'Centre Clearances', 'Behinds', 'Stoppage Clearances', 'Ineffective Disposals', 'Winloss']",1.0000000000000002,0.998419,0.899859,0.900431,0.01174,0.093429,0.093167,,,,2802.28,42.0,37.0,36.0,121.0
0.01,800.0,1.0,64.0,96.0,0.7,"['Effective Disposals', 'Disposals', 'Contested Possessions', 'Goals', 'Score Involvements', 'Hitouts', 'Kicks', 'Tackles', 'One Percenters', 'Clangers', 'Contested Marks', 'Tackles Outside 50', 'Metres Gained', 'Marks', 'Behind Assists', 'Intercepts', 'Marks Inside 50', 'Goal Assists', 'Frees Agains', 'Tackles Inside 50', 'Handballs', 'Marks Outside 50', 'Time On Ground %', 'Rebound 50s', 'Disposal Efficiency %', 'Uncontested Marks', 'Frees For', 'Clearances', 'Inside 50s', 'Turnovers', 'Bounces', 'Uncontested Possessions', 'Centre Clearances', 'Behinds', 'Stoppage Clearances', 'Ineffective Disposals', 'Winloss']",1.0000000000000002,0.999203,0.898281,0.89902,0.008337,0.094163,0.093825,,,,3307.8,42.0,37.0,36.0,122.0
0.01,800.0,0.25,64.0,96.0,0.25,"['Effective Disposals', 'Disposals', 'Contested Possessions', 'Goals', 'Score Involvements', 'Hitouts', 'Kicks', 'Tackles', 'One Percenters', 'Clangers', 'Contested Marks', 'Tackles Outside 50', 'Metres Gained', 'Marks', 'Behind Assists', 'Intercepts', 'Marks Inside 50', 'Goal Assists', 'Frees Agains', 'Tackles Inside 50', 'Handballs', 'Marks Outside 50', 'Time On Ground %', 'Rebound 50s', 'Disposal Efficiency %', 'Uncontested Marks', 'Frees For', 'Clearances', 'Inside 50s', 'Turnovers', 'Bounces', 'Uncontested Possessions', 'Centre Clearances', 'Behinds', 'Stoppage Clearances', 'Ineffective Disposals', 'Winloss']",1.0000000000000002,0.968168,0.90288,0.903276,0.052674,0.092009,0.091826,,,,270.71,42.0,37.0,36.0,123.0
0.01,800.0,0.25,64.0,96.0,0.4,"['Effective Disposals', 'Disposals', 'Contested Possessions', 'Goals', 'Score Involvements', 'Hitouts', 'Kicks', 'Tackles', 'One Percenters', 'Clangers', 'Contested Marks', 'Tackles Outside 50', 'Metres Gained', 'Marks', 'Behind Assists', 'Intercepts', 'Marks Inside 50', 'Goal Assists', 'Frees Agains', 'Tackles Inside 50', 'Handballs', 'Marks Outside 50', 'Time On Ground %', 'Rebound 50s', 'Disposal Efficiency %', 'Uncontested Marks', 'Frees For', 'Clearances', 'Inside 50s', 'Turnovers', 'Bounces', 'Uncontested Possessions', 'Centre Clearances', 'Behinds', 'Stoppage Clearances', 'Ineffective Disposals', 'Winloss']",1.0000000000000002,0.970121,0.902772,0.903786,0.051033,0.09206,0.091584,,,,423.74,42.0,37.0,36.0,124.0
0.01,800.0,0.25,64.0,96.0,0.55,"['Effective Disposals', 'Disposals', 'Contested Possessions', 'Goals', 'Score Involvements', 'Hitouts', 'Kicks', 'Tackles', 'One Percenters', 'Clangers', 'Contested Marks', 'Tackles Outside 50', 'Metres Gained', 'Marks', 'Behind Assists', 'Intercepts', 'Marks Inside 50', 'Goal Assists', 'Frees Agains', 'Tackles Inside 50', 'Handballs', 'Marks Outside 50', 'Time On Ground %', 'Rebound 50s', 'Disposal Efficiency %', 'Uncontested Marks', 'Frees For', 'Clearances', 'Inside 50s', 'Turnovers', 'Bounces', 'Uncontested Possessions', 'Centre Clearances', 'Behinds', 'Stoppage Clearances', 'Ineffective Disposals', 'Winloss']",1.0000000000000002,0.9713,0.902891,0.903306,0.050016,0.092004,0.091812,,,,606.94,42.0,37.0,36.0,125.0
0.01,800.0,0.25,64.0,96.0,0.85,"['Effective Disposals', 'Disposals', 'Contested Possessions', 'Goals', 'Score Involvements', 'Hitouts', 'Kicks', 'Tackles', 'One Percenters', 'Clangers', 'Contested Marks', 'Tackles Outside 50', 'Metres Gained', 'Marks', 'Behind Assists', 'Intercepts', 'Marks Inside 50', 'Goal Assists', 'Frees Agains', 'Tackles Inside 50', 'Handballs', 'Marks Outside 50', 'Time On Ground %', 'Rebound 50s', 'Disposal Efficiency %', 'Uncontested Marks', 'Frees For', 'Clearances', 'Inside 50s', 'Turnovers', 'Bounces', 'Uncontested Possessions', 'Centre Clearances', 'Behinds', 'Stoppage Clearances', 'Ineffective Disposals', 'Winloss']",1.0000000000000002,0.972415,0.903208,0.903447,0.049035,0.091854,0.091745,,,,949.54,42.0,37.0,36.0,126.0
0.01,800.0,0.25,64.0,96.0,1.0,"['Effective Disposals', 'Disposals', 'Contested Possessions', 'Goals', 'Score Involvements', 'Hitouts', 'Kicks', 'Tackles', 'One Percenters', 'Clangers', 'Contested Marks', 'Tackles Outside 50', 'Metres Gained', 'Marks', 'Behind Assists', 'Intercepts', 'Marks Inside 50', 'Goal Assists', 'Frees Agains', 'Tackles Inside 50', 'Handballs', 'Marks Outside 50', 'Time On Ground %', 'Rebound 50s', 'Disposal Efficiency %', 'Uncontested Marks', 'Frees For', 'Clearances', 'Inside 50s', 'Turnovers', 'Bounces', 'Uncontested Possessions', 'Centre Clearances', 'Behinds', 'Stoppage Clearances', 'Ineffective Disposals', 'Winloss']",1.0000000000000002,0.948182,0.888311,0.888931,0.067206,0.098669,0.0984,,,,45.8,42.0,37.0,36.0,127.0
0.01,800.0,0.25,2.0,96.0,0.7,"['Effective Disposals', 'Disposals', 'Contested Possessions', 'Goals', 'Score Involvements', 'Hitouts', 'Kicks', 'Tackles', 'One Percenters', 'Clangers', 'Contested Marks', 'Tackles Outside 50', 'Metres Gained', 'Marks', 'Behind Assists', 'Intercepts', 'Marks Inside 50', 'Goal Assists', 'Frees Agains', 'Tackles Inside 50', 'Handballs', 'Marks Outside 50', 'Time On Ground %', 'Rebound 50s', 'Disposal Efficiency %', 'Uncontested Marks', 'Frees For', 'Clearances', 'Inside 50s', 'Turnovers', 'Bounces', 'Uncontested Possessions', 'Centre Clearances', 'Behinds', 'Stoppage Clearances', 'Ineffective Disposals', 'Winloss']",1.0000000000000002,0.997939,0.900118,0.901165,0.013402,0.093308,0.092823,,,,1003.75,42.0,37.0,36.0,128.0
0.01,800.0,0.25,4.0,96.0,0.7,"['Effective Disposals', 'Disposals', 'Contested Possessions', 'Goals', 'Score Involvements', 'Hitouts', 'Kicks', 'Tackles', 'One Percenters', 'Clangers', 'Contested Marks', 'Tackles Outside 50', 'Metres Gained', 'Marks', 'Behind Assists', 'Intercepts', 'Marks Inside 50', 'Goal Assists', 'Frees Agains', 'Tackles Inside 50', 'Handballs', 'Marks Outside 50', 'Time On Ground %', 'Rebound 50s', 'Disposal Efficiency %', 'Uncontested Marks', 'Frees For', 'Clearances', 'Inside 50s', 'Turnovers', 'Bounces', 'Uncontested Possessions', 'Centre Clearances', 'Behinds', 'Stoppage Clearances', 'Ineffective Disposals', 'Winloss']",1.0000000000000002,0.997614,0.900129,0.900732,0.014421,0.093303,0.093026,,,,996.52,42.0,37.0,36.0,129.0
0.01,800.0,0.25,8.0,96.0,0.7,"['Effective Disposals', 'Disposals', 'Contested Possessions', 'Goals', 'Score Involvements', 'Hitouts', 'Kicks', 'Tackles', 'One Percenters', 'Clangers', 'Contested Marks', 'Tackles Outside 50', 'Metres Gained', 'Marks', 'Behind Assists', 'Intercepts', 'Marks Inside 50', 'Goal Assists', 'Frees Agains', 'Tackles Inside 50', 'Handballs', 'Marks Outside 50', 'Time On Ground %', 'Rebound 50s', 'Disposal Efficiency %', 'Uncontested Marks', 'Frees For', 'Clearances', 'Inside 50s', 'Turnovers', 'Bounces', 'Uncontested Possessions', 'Centre Clearances', 'Behinds', 'Stoppage Clearances', 'Ineffective Disposals', 'Winloss']",1.0000000000000002,0.996405,0.900704,0.901306,0.017701,0.093034,0.092757,,,,960.74,42.0,37.0,36.0,130.0
0.01,800.0,0.25,16.0,96.0,0.7,"['Effective Disposals', 'Disposals', 'Contested Possessions', 'Goals', 'Score Involvements', 'Hitouts', 'Kicks', 'Tackles', 'One Percenters', 'Clangers', 'Contested Marks', 'Tackles Outside 50', 'Metres Gained', 'Marks', 'Behind Assists', 'Intercepts', 'Marks Inside 50', 'Goal Assists', 'Frees Agains', 'Tackles Inside 50', 'Handballs', 'Marks Outside 50', 'Time On Ground %', 'Rebound 50s', 'Disposal Efficiency %', 'Uncontested Marks', 'Frees For', 'Clearances', 'Inside 50s', 'Turnovers', 'Bounces', 'Uncontested Possessions', 'Centre Clearances', 'Behinds', 'Stoppage Clearances', 'Ineffective Disposals', 'Winloss']",1.0000000000000002,0.993176,0.901701,0.902657,0.024388,0.092566,0.09212,,,,900.15,42.0,37.0,36.0,131.0
0.01,800.0,0.25,32.0,96.0,0.7,"['Effective Disposals', 'Disposals', 'Contested Possessions', 'Goals', 'Score Involvements', 'Hitouts', 'Kicks', 'Tackles', 'One Percenters', 'Clangers', 'Contested Marks', 'Tackles Outside 50', 'Metres Gained', 'Marks', 'Behind Assists', 'Intercepts', 'Marks Inside 50', 'Goal Assists', 'Frees Agains', 'Tackles Inside 50', 'Handballs', 'Marks Outside 50', 'Time On Ground %', 'Rebound 50s', 'Disposal Efficiency %', 'Uncontested Marks', 'Frees For', 'Clearances', 'Inside 50s', 'Turnovers', 'Bounces', 'Uncontested Possessions', 'Centre Clearances', 'Behinds', 'Stoppage Clearances', 'Ineffective Disposals', 'Winloss']",1.0000000000000002,0.98554,0.902764,0.902881,0.035502,0.092064,0.092014,,,,816.02,42.0,37.0,36.0,132.0
1e-08,800.0,0.25,64.0,96.0,0.7,"['Effective Disposals', 'Disposals', 'Contested Possessions', 'Goals', 'Score Involvements', 'Hitouts', 'Kicks', 'Tackles', 'One Percenters', 'Clangers', 'Contested Marks', 'Tackles Outside 50', 'Metres Gained', 'Marks', 'Behind Assists', 'Intercepts', 'Marks Inside 50', 'Goal Assists', 'Frees Agains', 'Tackles Inside 50', 'Handballs', 'Marks Outside 50', 'Time On Ground %', 'Rebound 50s', 'Disposal Efficiency %', 'Uncontested Marks', 'Frees For', 'Clearances', 'Inside 50s', 'Turnovers', 'Bounces', 'Uncontested Possessions', 'Centre Clearances', 'Behinds', 'Stoppage Clearances', 'Ineffective Disposals', 'Winloss']",1.0000000000000002,1.3e-05,1.3e-05,1.3e-05,0.295234,0.295239,0.295255,,,,436.24,42.0,37.0,36.0,133.0
1e-06,800.0,0.25,64.0,96.0,0.7,"['Effective Disposals', 'Disposals', 'Contested Possessions', 'Goals', 'Score Involvements', 'Hitouts', 'Kicks', 'Tackles', 'One Percenters', 'Clangers', 'Contested Marks', 'Tackles Outside 50', 'Metres Gained', 'Marks', 'Behind Assists', 'Intercepts', 'Marks Inside 50', 'Goal Assists', 'Frees Agains', 'Tackles Inside 50', 'Handballs', 'Marks Outside 50', 'Time On Ground %', 'Rebound 50s', 'Disposal Efficiency %', 'Uncontested Marks', 'Frees For', 'Clearances', 'Inside 50s', 'Turnovers', 'Bounces', 'Uncontested Possessions', 'Centre Clearances', 'Behinds', 'Stoppage Clearances', 'Ineffective Disposals', 'Winloss']",1.0000000000000002,0.001313,0.00129,0.001295,0.295042,0.295051,0.295066,,,,441.89,42.0,37.0,36.0,134.0
0.0001,800.0,0.25,64.0,96.0,0.7,"['Effective Disposals', 'Disposals', 'Contested Possessions', 'Goals', 'Score Involvements', 'Hitouts', 'Kicks', 'Tackles', 'One Percenters', 'Clangers', 'Contested Marks', 'Tackles Outside 50', 'Metres Gained', 'Marks', 'Behind Assists', 'Intercepts', 'Marks Inside 50', 'Goal Assists', 'Frees Agains', 'Tackles Inside 50', 'Handballs', 'Marks Outside 50', 'Time On Ground %', 'Rebound 50s', 'Disposal Efficiency %', 'Uncontested Marks', 'Frees For', 'Clearances', 'Inside 50s', 'Turnovers', 'Bounces', 'Uncontested Possessions', 'Centre Clearances', 'Behinds', 'Stoppage Clearances', 'Ineffective Disposals', 'Winloss']",1.0000000000000002,0.12215,0.11997,0.120411,0.276618,0.276966,0.276911,,,,440.12,42.0,37.0,36.0,135.0
0.1,800.0,0.25,64.0,96.0,0.7,"['Effective Disposals', 'Disposals', 'Contested Possessions', 'Goals', 'Score Involvements', 'Hitouts', 'Kicks', 'Tackles', 'One Percenters', 'Clangers', 'Contested Marks', 'Tackles Outside 50', 'Metres Gained', 'Marks', 'Behind Assists', 'Intercepts', 'Marks Inside 50', 'Goal Assists', 'Frees Agains', 'Tackles Inside 50', 'Handballs', 'Marks Outside 50', 'Time On Ground %', 'Rebound 50s', 'Disposal Efficiency %', 'Uncontested Marks', 'Frees For', 'Clearances', 'Inside 50s', 'Turnovers', 'Bounces', 'Uncontested Possessions', 'Centre Clearances', 'Behinds', 'Stoppage Clearances', 'Ineffective Disposals', 'Winloss']",1.0000000000000002,0.99997,0.877119,0.876789,0.001617,0.103495,0.103639,,,,941.92,42.0,37.0,36.0,136.0
0.01,25.0,0.85,2.0,12.0,0.85,['Effective Disposals'],0.44653042996227,0.240157,0.230456,0.232197,0.257354,0.258996,0.258717,,,,2.9,42.0,1.0,0.0,137.0
0.01,100.0,0.85,2.0,12.0,0.85,['Effective Disposals'],0.44653042996227,0.532437,0.504022,0.507167,0.201878,0.207926,0.207277,,,,11.19,42.0,1.0,0.0,138.0
0.01,200.0,0.85,2.0,12.0,0.85,['Effective Disposals'],0.44653042996227,0.612059,0.569723,0.572501,0.183888,0.193665,0.193049,,,,20.98,42.0,1.0,0.0,139.0
0.01,400.0,0.85,2.0,12.0,0.85,['Effective Disposals'],0.44653042996227,0.633208,0.577322,0.579467,0.178805,0.191947,0.19147,,,,46.97,42.0,1.0,0.0,140.0
0.01,800.0,0.85,2.0,12.0,0.85,['Effective Disposals'],0.44653042996227,0.644003,0.574111,0.575936,0.176154,0.192675,0.192272,,,,95.87,42.0,1.0,0.0,141.0
0.01,400.0,0.85,2.0,3.0,0.85,['Effective Disposals'],0.44653042996227,0.587442,0.585241,0.586609,0.189632,0.190141,0.189837,,,,14.44,42.0,1.0,0.0,142.0
0.01,400.0,0.85,2.0,6.0,0.85,['Effective Disposals'],0.44653042996227,0.594437,0.584828,0.586445,0.188018,0.190235,0.189875,,,,24.99,42.0,1.0,0.0,143.0
0.01,400.0,0.85,2.0,24.0,0.85,['Effective Disposals'],0.44653042996227,0.718816,0.470273,0.472137,0.156554,0.214883,0.214517,,,,75.77,42.0,1.0,0.0,144.0
0.01,400.0,0.85,2.0,48.0,0.85,['Effective Disposals'],0.44653042996227,0.723818,0.417183,0.418518,0.155156,0.225394,0.225148,,,,86.71,42.0,1.0,0.0,145.0
0.01,400.0,0.85,2.0,96.0,0.85,['Effective Disposals'],0.44653042996227,0.723833,0.416467,0.417852,0.155151,0.225533,0.225277,,,,85.45,42.0,1.0,0.0,146.0
0.01,400.0,0.85,2.0,192.0,0.85,['Effective Disposals'],0.44653042996227,0.723833,0.416465,0.417852,0.155151,0.225533,0.225277,,,,84.78,42.0,1.0,0.0,147.0
0.01,400.0,0.85,2.0,384.0,0.85,['Effective Disposals'],0.44653042996227,0.723833,0.416465,0.417852,0.155151,0.225533,0.225277,,,,85.29,42.0,1.0,0.0,148.0
0.01,400.0,0.25,2.0,3.0,0.85,['Effective Disposals'],0.44653042996227,0.587205,0.5853,0.586449,0.189687,0.190127,0.189874,,,,6.15,42.0,1.0,0.0,149.0
0.01,400.0,0.4,2.0,3.0,0.85,['Effective Disposals'],0.44653042996227,0.58731,0.585275,0.586508,0.189663,0.190133,0.18986,,,,9.53,42.0,1.0,0.0,150.0
0.01,400.0,0.55,2.0,3.0,0.85,['Effective Disposals'],0.44653042996227,0.587389,0.585164,0.586601,0.189644,0.190158,0.189839,,,,11.5,42.0,1.0,0.0,151.0
0.01,400.0,0.7,2.0,3.0,0.85,['Effective Disposals'],0.44653042996227,0.587435,0.585199,0.586602,0.189634,0.19015,0.189839,,,,12.86,42.0,1.0,0.0,152.0
0.01,400.0,1.0,2.0,3.0,0.85,['Effective Disposals'],0.44653042996227,0.587408,0.585247,0.58651,0.18964,0.190139,0.18986,,,,15.07,42.0,1.0,0.0,153.0
0.01,400.0,0.25,2.0,3.0,0.25,['Effective Disposals'],0.44653042996227,0.587205,0.5853,0.586449,0.189687,0.190127,0.189874,,,,7.0,42.0,1.0,0.0,154.0
0.01,400.0,0.25,2.0,3.0,0.4,['Effective Disposals'],0.44653042996227,0.587205,0.5853,0.586449,0.189687,0.190127,0.189874,,,,5.72,42.0,1.0,0.0,155.0
0.01,400.0,0.25,2.0,3.0,0.55,['Effective Disposals'],0.44653042996227,0.587205,0.5853,0.586449,0.189687,0.190127,0.189874,,,,7.24,42.0,1.0,0.0,156.0
0.01,400.0,0.25,2.0,3.0,0.7,['Effective Disposals'],0.44653042996227,0.587205,0.5853,0.586449,0.189687,0.190127,0.189874,,,,5.87,42.0,1.0,0.0,157.0
0.01,400.0,0.25,2.0,3.0,1.0,['Effective Disposals'],0.44653042996227,0.587205,0.5853,0.586449,0.189687,0.190127,0.189874,,,,6.99,42.0,1.0,0.0,158.0
0.01,400.0,0.25,4.0,3.0,0.25,['Effective Disposals'],0.44653042996227,0.587204,0.585297,0.586445,0.189687,0.190128,0.189875,,,,5.66,42.0,1.0,0.0,159.0
0.01,400.0,0.25,8.0,3.0,0.25,['Effective Disposals'],0.44653042996227,0.587197,0.585295,0.58645,0.189688,0.190128,0.189874,,,,7.15,42.0,1.0,0.0,160.0
0.01,400.0,0.25,16.0,3.0,0.25,['Effective Disposals'],0.44653042996227,0.587193,0.585294,0.586447,0.18969,0.190129,0.189874,,,,5.72,42.0,1.0,0.0,161.0
0.01,400.0,0.25,32.0,3.0,0.25,['Effective Disposals'],0.44653042996227,0.587184,0.585287,0.586453,0.189691,0.19013,0.189873,,,,7.16,42.0,1.0,0.0,162.0
0.01,400.0,0.25,64.0,3.0,0.25,['Effective Disposals'],0.44653042996227,0.587172,0.585292,0.586453,0.189694,0.190129,0.189873,,,,5.69,42.0,1.0,0.0,163.0
1e-08,400.0,0.25,2.0,3.0,0.25,['Effective Disposals'],0.44653042996227,5e-06,5e-06,5e-06,0.295236,0.295241,0.295256,,,,7.31,42.0,1.0,0.0,164.0
1e-06,400.0,0.25,2.0,3.0,0.25,['Effective Disposals'],0.44653042996227,0.000461,0.000458,0.000461,0.295168,0.295174,0.295189,,,,5.81,42.0,1.0,0.0,165.0
0.0001,400.0,0.25,2.0,3.0,0.25,['Effective Disposals'],0.44653042996227,0.044307,0.044064,0.044362,0.288622,0.288663,0.288634,,,,7.23,42.0,1.0,0.0,166.0
0.1,400.0,0.25,2.0,3.0,0.25,['Effective Disposals'],0.44653042996227,0.595632,0.581474,0.582922,0.187741,0.191002,0.190682,,,,5.58,42.0,1.0,0.0,167.0
1.0,400.0,0.25,2.0,3.0,0.25,['Effective Disposals'],0.44653042996227,0.551489,0.483272,0.482075,0.197723,0.212231,0.212488,,,,7.13,42.0,1.0,0.0,168.0
10.0,400.0,0.25,2.0,3.0,0.25,['Effective Disposals'],0.44653042996227,0.0,0.0,0.0,0.0,0.0,0.0,,,,5.2,42.0,1.0,0.0,169.0
0.01,400.0,0.25,2.0,3.0,0.25,"['Effective Disposals', 'Disposals']",0.5902700666140068,0.608024,0.605772,0.607364,0.184841,0.185375,0.18501,,,,6.52,42.0,2.0,1.0,170.0
0.01,400.0,0.25,2.0,3.0,0.25,"['Effective Disposals', 'Disposals', 'Contested Possessions']",0.6884421836299831,0.670865,0.66798,0.675443,0.169378,0.170122,0.168208,,,,5.65,42.0,3.0,2.0,171.0
0.01,400.0,0.25,2.0,3.0,0.25,"['Effective Disposals', 'Disposals', 'Contested Possessions', 'Goals']",0.7573402957514369,0.73942,0.734024,0.739195,0.150709,0.152264,0.150785,,,,5.84,42.0,4.0,3.0,172.0
0.01,400.0,0.25,2.0,3.0,0.25,"['Effective Disposals', 'Disposals', 'Contested Possessions', 'Goals', 'Score Involvements']",0.7965879020682821,0.741859,0.73644,0.740461,0.150002,0.151571,0.150419,,,,5.79,42.0,5.0,4.0,173.0
0.01,400.0,0.25,2.0,3.0,0.25,"['Effective Disposals', 'Disposals', 'Contested Possessions', 'Goals', 'Score Involvements', 'Hitouts']",0.8334493582092865,0.762506,0.758311,0.761095,0.143879,0.145146,0.144315,,,,5.1,42.0,6.0,5.0,174.0
1.0,800.0,0.25,64.0,96.0,0.7,"['Effective Disposals', 'Disposals', 'Contested Possessions', 'Goals', 'Score Involvements', 'Hitouts', 'Kicks', 'Tackles', 'One Percenters', 'Clangers', 'Contested Marks', 'Tackles Outside 50', 'Metres Gained', 'Marks', 'Behind Assists', 'Intercepts', 'Marks Inside 50', 'Goal Assists', 'Frees Agains', 'Tackles Inside 50', 'Handballs', 'Marks Outside 50', 'Time On Ground %', 'Rebound 50s', 'Disposal Efficiency %', 'Uncontested Marks', 'Frees For', 'Clearances', 'Inside 50s', 'Turnovers', 'Bounces', 'Uncontested Possessions', 'Centre Clearances', 'Behinds', 'Stoppage Clearances', 'Ineffective Disposals', 'Winloss']",1.0000000000000002,-2.4980074450444924e+58,-5.013181684119431e+58,-5.076403807124081e+58,4.666233820596099e+28,6.6104928728036086e+28,6.652400254299683e+28,,,,2012.14,42.0,37.0,36.0,175.0
10.0,800.0,0.25,64.0,96.0,0.7,"['Effective Disposals', 'Disposals', 'Contested Possessions', 'Goals', 'Score Involvements', 'Hitouts', 'Kicks', 'Tackles', 'One Percenters', 'Clangers', 'Contested Marks', 'Tackles Outside 50', 'Metres Gained', 'Marks', 'Behind Assists', 'Intercepts', 'Marks Inside 50', 'Goal Assists', 'Frees Agains', 'Tackles Inside 50', 'Handballs', 'Marks Outside 50', 'Time On Ground %', 'Rebound 50s', 'Disposal Efficiency %', 'Uncontested Marks', 'Frees For', 'Clearances', 'Inside 50s', 'Turnovers', 'Bounces', 'Uncontested Possessions', 'Centre Clearances', 'Behinds', 'Stoppage Clearances', 'Ineffective Disposals', 'Winloss']",1.0000000000000002,0.0,0.0,0.0,0.0,0.0,0.0,,,,873.72,42.0,37.0,36.0,176.0
0.01,800.0,0.25,64.0,96.0,0.7,['Effective Disposals'],0.44653042996227005,0.6656,0.549661,0.548794,0.170727,0.198129,0.19833,,,,67.39,42.0,1.0,0.0,177.0
0.01,800.0,0.25,64.0,96.0,0.7,"['Effective Disposals', 'Disposals']",0.5902700666140068,0.746457,0.578004,0.580086,0.14866,0.191792,0.191329,,,,61.75,42.0,2.0,1.0,178.0
0.01,800.0,0.25,64.0,96.0,0.7,"['Effective Disposals', 'Disposals', 'Contested Possessions']",0.6884421836299831,0.820347,0.657771,0.662296,0.125137,0.172717,0.171581,,,,97.73,42.0,3.0,2.0,179.0
0.01,800.0,0.25,64.0,96.0,0.7,"['Effective Disposals', 'Disposals', 'Contested Possessions', 'Goals']",0.7573402957514369,0.870514,0.741061,0.745026,0.106238,0.150237,0.14909,,,,82.88,42.0,4.0,3.0,180.0
0.01,800.0,0.25,64.0,96.0,0.7,"['Effective Disposals', 'Disposals', 'Contested Possessions', 'Goals', 'Score Involvements']",0.7965879020682821,0.885341,0.751685,0.757033,0.099971,0.147122,0.145537,,,,116.72,42.0,5.0,4.0,181.0
0.01,800.0,0.25,64.0,96.0,0.7,"['Effective Disposals', 'Disposals', 'Contested Possessions', 'Goals', 'Score Involvements', 'Hitouts']",0.8334493582092865,0.904868,0.785515,0.790827,0.091061,0.136734,0.135037,,,,143.78,42.0,6.0,5.0,182.0
0.01,800.0,0.25,64.0,96.0,0.7,"['Effective Disposals', 'Disposals', 'Contested Possessions', 'Goals', 'Score Involvements', 'Hitouts', 'Kicks']",0.8643600434499222,0.918173,0.811253,0.813492,0.084454,0.128268,0.127511,,,,144.35,42.0,7.0,6.0,183.0
0.01,800.0,0.25,64.0,96.0,0.7,"['Effective Disposals', 'Disposals', 'Contested Possessions', 'Goals', 'Score Involvements', 'Hitouts', 'Kicks', 'Tackles']",0.8888584293867895,0.933735,0.837227,0.841281,0.076,0.119116,0.117629,,,,176.04,42.0,8.0,7.0,184.0
0.01,800.0,0.25,64.0,96.0,0.7,"['Effective Disposals', 'Disposals', 'Contested Possessions', 'Goals', 'Score Involvements', 'Hitouts', 'Kicks', 'Tackles', 'One Percenters']",0.908246584633331,0.945902,0.862872,0.86521,0.068669,0.10933,0.1084,,,,224.09,42.0,9.0,8.0,185.0
0.01,800.0,0.25,64.0,96.0,0.7,"['Effective Disposals', 'Disposals', 'Contested Possessions', 'Goals', 'Score Involvements', 'Hitouts', 'Kicks', 'Tackles', 'One Percenters', 'Clangers']",0.9217247970433559,0.956431,0.886119,0.887177,0.061625,0.099633,0.099175,,,,236.61,42.0,10.0,9.0,186.0
0.01,800.0,0.25,64.0,96.0,0.7,"['Effective Disposals', 'Disposals', 'Contested Possessions', 'Goals', 'Score Involvements', 'Hitouts', 'Kicks', 'Tackles', 'One Percenters', 'Clangers', 'Contested Marks']",0.9296124325660999,0.958269,0.890811,0.89117,0.060311,0.097559,0.097404,,,,227.75,42.0,11.0,10.0,187.0
0.01,800.0,0.25,64.0,96.0,0.7,"['Effective Disposals', 'Disposals', 'Contested Possessions', 'Goals', 'Score Involvements', 'Hitouts', 'Kicks', 'Tackles', 'One Percenters', 'Clangers', 'Contested Marks', 'Tackles Outside 50']",0.9370952172710802,0.959305,0.890591,0.891601,0.059558,0.097657,0.09721,,,,259.79,42.0,12.0,11.0,188.0
0.01,800.0,0.25,64.0,96.0,0.7,"['Effective Disposals', 'Disposals', 'Contested Possessions', 'Goals', 'Score Involvements', 'Hitouts', 'Kicks', 'Tackles', 'One Percenters', 'Clangers', 'Contested Marks', 'Tackles Outside 50', 'Metres Gained']",0.9437985228266181,0.960476,0.891669,0.892056,0.058695,0.097175,0.097006,,,,292.41,42.0,13.0,12.0,189.0
0.01,800.0,0.25,64.0,96.0,0.7,"['Effective Disposals', 'Disposals', 'Contested Possessions', 'Goals', 'Score Involvements', 'Hitouts', 'Kicks', 'Tackles', 'One Percenters', 'Clangers', 'Contested Marks', 'Tackles Outside 50', 'Metres Gained', 'Marks']",0.9503332272292372,0.96226,0.89498,0.895702,0.057355,0.095678,0.095354,,,,290.49,42.0,14.0,13.0,190.0
0.01,800.0,0.25,64.0,96.0,0.7,"['Effective Disposals', 'Disposals', 'Contested Possessions', 'Goals', 'Score Involvements', 'Hitouts', 'Kicks', 'Tackles', 'One Percenters', 'Clangers', 'Contested Marks', 'Tackles Outside 50', 'Metres Gained', 'Marks', 'Behind Assists']",0.9565296687326265,0.96385,0.897818,0.898082,0.056134,0.094377,0.09426,,,,319.23,42.0,15.0,14.0,191.0
0.01,800.0,0.25,64.0,96.0,0.7,"['Effective Disposals', 'Disposals', 'Contested Possessions', 'Goals', 'Score Involvements', 'Hitouts', 'Kicks', 'Tackles', 'One Percenters', 'Clangers', 'Contested Marks', 'Tackles Outside 50', 'Metres Gained', 'Marks', 'Behind Assists', 'Intercepts']",0.9611499564974357,0.965044,0.898831,0.898589,0.055199,0.093908,0.094025,,,,349.59,42.0,16.0,15.0,192.0
0.01,800.0,0.25,64.0,96.0,0.7,"['Effective Disposals', 'Disposals', 'Contested Possessions', 'Goals', 'Score Involvements', 'Hitouts', 'Kicks', 'Tackles', 'One Percenters', 'Clangers', 'Contested Marks', 'Tackles Outside 50', 'Metres Gained', 'Marks', 'Behind Assists', 'Intercepts', 'Marks Inside 50']",0.9645858003064073,0.965376,0.898985,0.89907,0.054936,0.093836,0.093802,,,,346.93,42.0,17.0,16.0,193.0
0.01,800.0,0.25,64.0,96.0,0.7,"['Effective Disposals', 'Disposals', 'Contested Possessions', 'Goals', 'Score Involvements', 'Hitouts', 'Kicks', 'Tackles', 'One Percenters', 'Clangers', 'Contested Marks', 'Tackles Outside 50', 'Metres Gained', 'Marks', 'Behind Assists', 'Intercepts', 'Marks Inside 50', 'Goal Assists']",0.9673770870917229,0.966062,0.899774,0.900395,0.054389,0.093469,0.093184,,,,372.39,42.0,18.0,17.0,194.0
0.01,800.0,0.25,64.0,96.0,0.7,"['Effective Disposals', 'Disposals', 'Contested Possessions', 'Goals', 'Score Involvements', 'Hitouts', 'Kicks', 'Tackles', 'One Percenters', 'Clangers', 'Contested Marks', 'Tackles Outside 50', 'Metres Gained', 'Marks', 'Behind Assists', 'Intercepts', 'Marks Inside 50', 'Goal Assists', 'Frees Agains']",0.9701515001846404,0.96649,0.899526,0.899976,0.054045,0.093585,0.09338,,,,399.08,42.0,19.0,18.0,195.0
0.01,800.0,0.25,64.0,96.0,0.7,"['Effective Disposals', 'Disposals', 'Contested Possessions', 'Goals', 'Score Involvements', 'Hitouts', 'Kicks', 'Tackles', 'One Percenters', 'Clangers', 'Contested Marks', 'Tackles Outside 50', 'Metres Gained', 'Marks', 'Behind Assists', 'Intercepts', 'Marks Inside 50', 'Goal Assists', 'Frees Agains', 'Tackles Inside 50']",0.9727234836103577,0.967185,0.89985,0.900508,0.053482,0.093433,0.093131,,,,420.03,42.0,20.0,19.0,196.0
0.01,800.0,0.25,64.0,96.0,0.7,"['Effective Disposals', 'Disposals', 'Contested Possessions', 'Goals', 'Score Involvements', 'Hitouts', 'Kicks', 'Tackles', 'One Percenters', 'Clangers', 'Contested Marks', 'Tackles Outside 50', 'Metres Gained', 'Marks', 'Behind Assists', 'Intercepts', 'Marks Inside 50', 'Goal Assists', 'Frees Agains', 'Tackles Inside 50', 'Handballs']",0.9752173791742361,0.967288,0.900236,0.90068,0.053397,0.093253,0.09305,,,,421.15,42.0,21.0,20.0,197.0
0.01,800.0,0.25,64.0,96.0,0.7,"['Effective Disposals', 'Disposals', 'Contested Possessions', 'Goals', 'Score Involvements', 'Hitouts', 'Kicks', 'Tackles', 'One Percenters', 'Clangers', 'Contested Marks', 'Tackles Outside 50', 'Metres Gained', 'Marks', 'Behind Assists', 'Intercepts', 'Marks Inside 50', 'Goal Assists', 'Frees Agains', 'Tackles Inside 50', 'Handballs', 'Marks Outside 50']",0.9773390168194317,0.967557,0.899816,0.900638,0.053178,0.093449,0.09307,,,,457.3,42.0,22.0,21.0,198.0
0.01,800.0,0.25,64.0,96.0,0.7,"['Effective Disposals', 'Disposals', 'Contested Possessions', 'Goals', 'Score Involvements', 'Hitouts', 'Kicks', 'Tackles', 'One Percenters', 'Clangers', 'Contested Marks', 'Tackles Outside 50', 'Metres Gained', 'Marks', 'Behind Assists', 'Intercepts', 'Marks Inside 50', 'Goal Assists', 'Frees Agains', 'Tackles Inside 50', 'Handballs', 'Marks Outside 50', 'Time On Ground %']",0.9794518706907822,0.968046,0.900006,0.900912,0.052775,0.093361,0.092942,,,,490.53,42.0,23.0,22.0,199.0
0.01,800.0,0.25,64.0,96.0,0.7,"['Effective Disposals', 'Disposals', 'Contested Possessions', 'Goals', 'Score Involvements', 'Hitouts', 'Kicks', 'Tackles', 'One Percenters', 'Clangers', 'Contested Marks', 'Tackles Outside 50', 'Metres Gained', 'Marks', 'Behind Assists', 'Intercepts', 'Marks Inside 50', 'Goal Assists', 'Frees Agains', 'Tackles Inside 50', 'Handballs', 'Marks Outside 50', 'Time On Ground %', 'Rebound 50s']",0.9812681139233039,0.968466,0.900424,0.901527,0.052427,0.093165,0.092653,,,,489.74,42.0,24.0,23.0,200.0
0.01,800.0,0.25,64.0,96.0,0.7,"['Effective Disposals', 'Disposals', 'Contested Possessions', 'Goals', 'Score Involvements', 'Hitouts', 'Kicks', 'Tackles', 'One Percenters', 'Clangers', 'Contested Marks', 'Tackles Outside 50', 'Metres Gained', 'Marks', 'Behind Assists', 'Intercepts', 'Marks Inside 50', 'Goal Assists', 'Frees Agains', 'Tackles Inside 50', 'Handballs', 'Marks Outside 50', 'Time On Ground %', 'Rebound 50s', 'Disposal Efficiency %']",0.9830121267145816,0.969012,0.900104,0.901568,0.051972,0.093315,0.092634,,,,509.5,42.0,25.0,24.0,201.0
0.01,800.0,0.25,64.0,96.0,0.7,"['Effective Disposals', 'Disposals', 'Contested Possessions', 'Goals', 'Score Involvements', 'Hitouts', 'Kicks', 'Tackles', 'One Percenters', 'Clangers', 'Contested Marks', 'Tackles Outside 50', 'Metres Gained', 'Marks', 'Behind Assists', 'Intercepts', 'Marks Inside 50', 'Goal Assists', 'Frees Agains', 'Tackles Inside 50', 'Handballs', 'Marks Outside 50', 'Time On Ground %', 'Rebound 50s', 'Disposal Efficiency %', 'Uncontested Marks']",0.9847276615664785,0.969069,0.900525,0.901751,0.051924,0.093118,0.092547,,,,545.33,42.0,26.0,25.0,202.0
0.01,800.0,0.25,64.0,96.0,0.7,"['Effective Disposals', 'Disposals', 'Contested Possessions', 'Goals', 'Score Involvements', 'Hitouts', 'Kicks', 'Tackles', 'One Percenters', 'Clangers', 'Contested Marks', 'Tackles Outside 50', 'Metres Gained', 'Marks', 'Behind Assists', 'Intercepts', 'Marks Inside 50', 'Goal Assists', 'Frees Agains', 'Tackles Inside 50', 'Handballs', 'Marks Outside 50', 'Time On Ground %', 'Rebound 50s', 'Disposal Efficiency %', 'Uncontested Marks', 'Frees For']",0.9864022991207512,0.96931,0.900863,0.901341,0.051721,0.09296,0.09274,,,,542.93,42.0,27.0,26.0,203.0
0.01,800.0,0.25,64.0,96.0,0.7,"['Effective Disposals', 'Disposals', 'Contested Possessions', 'Goals', 'Score Involvements', 'Hitouts', 'Kicks', 'Tackles', 'One Percenters', 'Clangers', 'Contested Marks', 'Tackles Outside 50', 'Metres Gained', 'Marks', 'Behind Assists', 'Intercepts', 'Marks Inside 50', 'Goal Assists', 'Frees Agains', 'Tackles Inside 50', 'Handballs', 'Marks Outside 50', 'Time On Ground %', 'Rebound 50s', 'Disposal Efficiency %', 'Uncontested Marks', 'Frees For', 'Clearances']",0.9880071555759266,0.969619,0.901634,0.901371,0.05146,0.092597,0.092726,,,,578.95,42.0,28.0,27.0,204.0
0.01,800.0,0.25,64.0,96.0,0.7,"['Effective Disposals', 'Disposals', 'Contested Possessions', 'Goals', 'Score Involvements', 'Hitouts', 'Kicks', 'Tackles', 'One Percenters', 'Clangers', 'Contested Marks', 'Tackles Outside 50', 'Metres Gained', 'Marks', 'Behind Assists', 'Intercepts', 'Marks Inside 50', 'Goal Assists', 'Frees Agains', 'Tackles Inside 50', 'Handballs', 'Marks Outside 50', 'Time On Ground %', 'Rebound 50s', 'Disposal Efficiency %', 'Uncontested Marks', 'Frees For', 'Clearances', 'Inside 50s']",0.989568451403329,0.97005,0.900781,0.901533,0.051094,0.092998,0.09265,,,,624.97,42.0,29.0,28.0,205.0
0.01,800.0,0.25,64.0,96.0,0.7,"['Effective Disposals', 'Disposals', 'Contested Possessions', 'Goals', 'Score Involvements', 'Hitouts', 'Kicks', 'Tackles', 'One Percenters', 'Clangers', 'Contested Marks', 'Tackles Outside 50', 'Metres Gained', 'Marks', 'Behind Assists', 'Intercepts', 'Marks Inside 50', 'Goal Assists', 'Frees Agains', 'Tackles Inside 50', 'Handballs', 'Marks Outside 50', 'Time On Ground %', 'Rebound 50s', 'Disposal Efficiency %', 'Uncontested Marks', 'Frees For', 'Clearances', 'Inside 50s', 'Turnovers']",0.9911132734549049,0.970238,0.901211,0.901317,0.050933,0.092796,0.092752,,,,654.77,42.0,30.0,29.0,206.0
0.01,800.0,0.25,64.0,96.0,0.7,"['Effective Disposals', 'Disposals', 'Contested Possessions', 'Goals', 'Score Involvements', 'Hitouts', 'Kicks', 'Tackles', 'One Percenters', 'Clangers', 'Contested Marks', 'Tackles Outside 50', 'Metres Gained', 'Marks', 'Behind Assists', 'Intercepts', 'Marks Inside 50', 'Goal Assists', 'Frees Agains', 'Tackles Inside 50', 'Handballs', 'Marks Outside 50', 'Time On Ground %', 'Rebound 50s', 'Disposal Efficiency %', 'Uncontested Marks', 'Frees For', 'Clearances', 'Inside 50s', 'Turnovers', 'Bounces']",0.9926434124424229,0.970833,0.902267,0.902147,0.050421,0.092299,0.092361,,,,622.11,42.0,31.0,30.0,207.0
0.01,800.0,0.25,64.0,96.0,0.7,"['Effective Disposals', 'Disposals', 'Contested Possessions', 'Goals', 'Score Involvements', 'Hitouts', 'Kicks', 'Tackles', 'One Percenters', 'Clangers', 'Contested Marks', 'Tackles Outside 50', 'Metres Gained', 'Marks', 'Behind Assists', 'Intercepts', 'Marks Inside 50', 'Goal Assists', 'Frees Agains', 'Tackles Inside 50', 'Handballs', 'Marks Outside 50', 'Time On Ground %', 'Rebound 50s', 'Disposal Efficiency %', 'Uncontested Marks', 'Frees For', 'Clearances', 'Inside 50s', 'Turnovers', 'Bounces', 'Uncontested Possessions']",0.9941282512295924,0.970994,0.902694,0.902809,0.050282,0.092097,0.092048,,,,653.76,42.0,32.0,31.0,208.0
0.01,800.0,0.25,64.0,96.0,0.7,"['Effective Disposals', 'Disposals', 'Contested Possessions', 'Goals', 'Score Involvements', 'Hitouts', 'Kicks', 'Tackles', 'One Percenters', 'Clangers', 'Contested Marks', 'Tackles Outside 50', 'Metres Gained', 'Marks', 'Behind Assists', 'Intercepts', 'Marks Inside 50', 'Goal Assists', 'Frees Agains', 'Tackles Inside 50', 'Handballs', 'Marks Outside 50', 'Time On Ground %', 'Rebound 50s', 'Disposal Efficiency %', 'Uncontested Marks', 'Frees For', 'Clearances', 'Inside 50s', 'Turnovers', 'Bounces', 'Uncontested Possessions', 'Centre Clearances']",0.9954600443092163,0.97112,0.902561,0.903236,0.050172,0.09216,0.091845,,,,674.78,42.0,33.0,32.0,209.0
0.01,800.0,0.25,64.0,96.0,0.7,"['Effective Disposals', 'Disposals', 'Contested Possessions', 'Goals', 'Score Involvements', 'Hitouts', 'Kicks', 'Tackles', 'One Percenters', 'Clangers', 'Contested Marks', 'Tackles Outside 50', 'Metres Gained', 'Marks', 'Behind Assists', 'Intercepts', 'Marks Inside 50', 'Goal Assists', 'Frees Agains', 'Tackles Inside 50', 'Handballs', 'Marks Outside 50', 'Time On Ground %', 'Rebound 50s', 'Disposal Efficiency %', 'Uncontested Marks', 'Frees For', 'Clearances', 'Inside 50s', 'Turnovers', 'Bounces', 'Uncontested Possessions', 'Centre Clearances', 'Behinds']",0.9967759764723418,0.971305,0.90224,0.902996,0.050012,0.092312,0.091959,,,,672.88,42.0,34.0,33.0,210.0
0.01,800.0,0.25,64.0,96.0,0.7,"['Effective Disposals', 'Disposals', 'Contested Possessions', 'Goals', 'Score Involvements', 'Hitouts', 'Kicks', 'Tackles', 'One Percenters', 'Clangers', 'Contested Marks', 'Tackles Outside 50', 'Metres Gained', 'Marks', 'Behind Assists', 'Intercepts', 'Marks Inside 50', 'Goal Assists', 'Frees Agains', 'Tackles Inside 50', 'Handballs', 'Marks Outside 50', 'Time On Ground %', 'Rebound 50s', 'Disposal Efficiency %', 'Uncontested Marks', 'Frees For', 'Clearances', 'Inside 50s', 'Turnovers', 'Bounces', 'Uncontested Possessions', 'Centre Clearances', 'Behinds', 'Stoppage Clearances']",0.998079867999009,0.971537,0.902243,0.902753,0.049809,0.092311,0.092075,,,,699.95,42.0,35.0,34.0,211.0
0.01,800.0,0.25,64.0,96.0,0.7,"['Effective Disposals', 'Disposals', 'Contested Possessions', 'Goals', 'Score Involvements', 'Hitouts', 'Kicks', 'Tackles', 'One Percenters', 'Clangers', 'Contested Marks', 'Tackles Outside 50', 'Metres Gained', 'Marks', 'Behind Assists', 'Intercepts', 'Marks Inside 50', 'Goal Assists', 'Frees Agains', 'Tackles Inside 50', 'Handballs', 'Marks Outside 50', 'Time On Ground %', 'Rebound 50s', 'Disposal Efficiency %', 'Uncontested Marks', 'Frees For', 'Clearances', 'Inside 50s', 'Turnovers', 'Bounces', 'Uncontested Possessions', 'Centre Clearances', 'Behinds', 'Stoppage Clearances', 'Ineffective Disposals']",0.999192674212217,0.971746,0.902491,0.902928,0.049626,0.092193,0.091991,,,,728.06,42.0,36.0,35.0,212.0
0.01,25.0,0.25,64.0,96.0,0.7,"['Effective Disposals', 'Disposals', 'Contested Possessions', 'Goals', 'Score Involvements', 'Hitouts', 'Kicks', 'Tackles', 'One Percenters', 'Clangers', 'Contested Marks', 'Tackles Outside 50', 'Metres Gained', 'Marks', 'Behind Assists', 'Intercepts', 'Marks Inside 50', 'Goal Assists', 'Frees Agains', 'Tackles Inside 50', 'Handballs', 'Marks Outside 50', 'Time On Ground %', 'Rebound 50s', 'Disposal Efficiency %', 'Uncontested Marks', 'Frees For', 'Clearances', 'Inside 50s', 'Turnovers', 'Bounces', 'Uncontested Possessions', 'Centre Clearances', 'Behinds', 'Stoppage Clearances', 'Ineffective Disposals', 'Winloss']",1.0000000000000002,0.329193,0.322778,0.323516,0.241807,0.242964,0.242845,,,,13.24,42.0,37.0,36.0,213.0
0.01,50.0,0.25,64.0,96.0,0.7,"['Effective Disposals', 'Disposals', 'Contested Possessions', 'Goals', 'Score Involvements', 'Hitouts', 'Kicks', 'Tackles', 'One Percenters', 'Clangers', 'Contested Marks', 'Tackles Outside 50', 'Metres Gained', 'Marks', 'Behind Assists', 'Intercepts', 'Marks Inside 50', 'Goal Assists', 'Frees Agains', 'Tackles Inside 50', 'Handballs', 'Marks Outside 50', 'Time On Ground %', 'Rebound 50s', 'Disposal Efficiency %', 'Uncontested Marks', 'Frees For', 'Clearances', 'Inside 50s', 'Turnovers', 'Bounces', 'Uncontested Possessions', 'Centre Clearances', 'Behinds', 'Stoppage Clearances', 'Ineffective Disposals', 'Winloss']",1.0000000000000002,0.53823,0.526803,0.528503,0.200624,0.203095,0.20274,,,,26.67,42.0,37.0,36.0,214.0
0.01,100.0,0.25,64.0,96.0,0.7,"['Effective Disposals', 'Disposals', 'Contested Possessions', 'Goals', 'Score Involvements', 'Hitouts', 'Kicks', 'Tackles', 'One Percenters', 'Clangers', 'Contested Marks', 'Tackles Outside 50', 'Metres Gained', 'Marks', 'Behind Assists', 'Intercepts', 'Marks Inside 50', 'Goal Assists', 'Frees Agains', 'Tackles Inside 50', 'Handballs', 'Marks Outside 50', 'Time On Ground %', 'Rebound 50s', 'Disposal Efficiency %', 'Uncontested Marks', 'Frees For', 'Clearances', 'Inside 50s', 'Turnovers', 'Bounces', 'Uncontested Possessions', 'Centre Clearances', 'Behinds', 'Stoppage Clearances', 'Ineffective Disposals', 'Winloss']",1.0000000000000002,0.757507,0.738681,0.740414,0.145385,0.150926,0.150432,,,,54.32,42.0,37.0,36.0,215.0
0.01,200.0,0.25,64.0,96.0,0.7,"['Effective Disposals', 'Disposals', 'Contested Possessions', 'Goals', 'Score Involvements', 'Hitouts', 'Kicks', 'Tackles', 'One Percenters', 'Clangers', 'Contested Marks', 'Tackles Outside 50', 'Metres Gained', 'Marks', 'Behind Assists', 'Intercepts', 'Marks Inside 50', 'Goal Assists', 'Frees Agains', 'Tackles Inside 50', 'Handballs', 'Marks Outside 50', 'Time On Ground %', 'Rebound 50s', 'Disposal Efficiency %', 'Uncontested Marks', 'Frees For', 'Clearances', 'Inside 50s', 'Turnovers', 'Bounces', 'Uncontested Possessions', 'Centre Clearances', 'Behinds', 'Stoppage Clearances', 'Ineffective Disposals', 'Winloss']",1.0000000000000002,0.895824,0.866019,0.867771,0.095291,0.108068,0.107365,,,,116.16,42.0,37.0,36.0,216.0
0.01,400.0,0.25,64.0,96.0,0.7,"['Effective Disposals', 'Disposals', 'Contested Possessions', 'Goals', 'Score Involvements', 'Hitouts', 'Kicks', 'Tackles', 'One Percenters', 'Clangers', 'Contested Marks', 'Tackles Outside 50', 'Metres Gained', 'Marks', 'Behind Assists', 'Intercepts', 'Marks Inside 50', 'Goal Assists', 'Frees Agains', 'Tackles Inside 50', 'Handballs', 'Marks Outside 50', 'Time On Ground %', 'Rebound 50s', 'Disposal Efficiency %', 'Uncontested Marks', 'Frees For', 'Clearances', 'Inside 50s', 'Turnovers', 'Bounces', 'Uncontested Possessions', 'Centre Clearances', 'Behinds', 'Stoppage Clearances', 'Ineffective Disposals', 'Winloss']",1.0000000000000002,0.945631,0.899378,0.900193,0.068841,0.093653,0.093278,,,,279.57,42.0,37.0,36.0,217.0
0.01,50.0,0.85,2.0,3.0,0.85,['Effective Disposals'],0.44653042996227005,0.36712,0.36512,0.367216,0.234872,0.235246,0.23487,,,,1.6,42.0,1.0,0.0,218.0
0.01,50.0,0.85,2.0,6.0,0.85,['Effective Disposals'],0.44653042996227005,0.373291,0.370277,0.372558,0.233724,0.234289,0.233877,,,,2.75,42.0,1.0,0.0,219.0
0.01,50.0,0.85,2.0,24.0,0.85,['Effective Disposals'],0.44653042996227005,0.435834,0.359441,0.362502,0.221755,0.236296,0.235743,,,,8.56,42.0,1.0,0.0,220.0
0.01,50.0,0.85,2.0,48.0,0.85,['Effective Disposals'],0.44653042996227005,0.45608,0.348596,0.352527,0.21774,0.238288,0.237581,,,,8.34,42.0,1.0,0.0,221.0
0.01,50.0,0.85,2.0,96.0,0.85,['Effective Disposals'],0.44653042996227005,0.456387,0.348297,0.352324,0.217678,0.238343,0.237618,,,,9.79,42.0,1.0,0.0,222.0
0.01,50.0,0.85,2.0,192.0,0.85,['Effective Disposals'],0.44653042996227005,0.456387,0.348297,0.352324,0.217678,0.238343,0.237618,,,,9.77,42.0,1.0,0.0,223.0
0.01,50.0,0.85,2.0,384.0,0.85,['Effective Disposals'],0.44653042996227005,0.456387,0.348297,0.352324,0.217678,0.238343,0.237618,,,,8.81,42.0,1.0,0.0,224.0
0.01,50.0,0.25,2.0,12.0,0.85,['Effective Disposals'],0.44653042996227005,0.383093,0.37024,0.372524,0.231889,0.234296,0.233883,,,,2.3,42.0,1.0,0.0,225.0
0.01,50.0,0.4,2.0,12.0,0.85,['Effective Disposals'],0.44653042996227005,0.384832,0.370079,0.372431,0.231562,0.234326,0.233901,,,,2.52,42.0,1.0,0.0,226.0
0.01,50.0,0.55,2.0,12.0,0.85,['Effective Disposals'],0.44653042996227005,0.385987,0.370108,0.372558,0.231344,0.234321,0.233877,,,,3.25,42.0,1.0,0.0,227.0
0.01,50.0,0.7,2.0,12.0,0.85,['Effective Disposals'],0.44653042996227005,0.386483,0.370157,0.372542,0.231251,0.234311,0.23388,,,,4.78,42.0,1.0,0.0,228.0
0.01,50.0,1.0,2.0,12.0,0.85,['Effective Disposals'],0.44653042996227005,0.385725,0.369272,0.372404,0.231394,0.234476,0.233905,,,,5.68,42.0,1.0,0.0,229.0
0.01,50.0,0.85,2.0,12.0,0.25,['Effective Disposals'],0.44653042996227005,0.386732,0.36973,0.372258,0.231204,0.234391,0.233933,,,,4.65,42.0,1.0,0.0,230.0
0.01,50.0,0.85,2.0,12.0,0.4,['Effective Disposals'],0.44653042996227005,0.386732,0.36973,0.372258,0.231204,0.234391,0.233933,,,,5.97,42.0,1.0,0.0,231.0
0.01,50.0,0.85,2.0,12.0,0.55,['Effective Disposals'],0.44653042996227005,0.386732,0.36973,0.372258,0.231204,0.234391,0.233933,,,,4.59,42.0,1.0,0.0,232.0
0.01,50.0,0.85,2.0,12.0,0.7,['Effective Disposals'],0.44653042996227005,0.386732,0.36973,0.372258,0.231204,0.234391,0.233933,,,,5.42,42.0,1.0,0.0,233.0
0.01,50.0,0.85,2.0,12.0,1.0,['Effective Disposals'],0.44653042996227005,0.386732,0.36973,0.372258,0.231204,0.234391,0.233933,,,,5.1,42.0,1.0,0.0,234.0
0.01,50.0,0.85,4.0,12.0,0.85,['Effective Disposals'],0.44653042996227005,0.386537,0.369714,0.372214,0.231241,0.234394,0.233941,,,,4.59,42.0,1.0,0.0,235.0
0.01,50.0,0.85,8.0,12.0,0.85,['Effective Disposals'],0.44653042996227005,0.385825,0.369769,0.372319,0.231375,0.234383,0.233921,,,,6.1,42.0,1.0,0.0,236.0
0.01,50.0,0.85,16.0,12.0,0.85,['Effective Disposals'],0.44653042996227005,0.384484,0.369793,0.372355,0.231627,0.234379,0.233915,,,,4.57,42.0,1.0,0.0,237.0
0.01,50.0,0.85,32.0,12.0,0.85,['Effective Disposals'],0.44653042996227005,0.382868,0.369833,0.372289,0.231931,0.234372,0.233927,,,,4.83,42.0,1.0,0.0,238.0
0.01,50.0,0.85,64.0,12.0,0.85,['Effective Disposals'],0.44653042996227005,0.38124,0.370109,0.372534,0.232237,0.23432,0.233881,,,,5.61,42.0,1.0,0.0,239.0
1e-08,50.0,0.85,2.0,12.0,0.85,['Effective Disposals'],0.44653042996227005,1e-06,1e-06,1e-06,0.295236,0.295241,0.295257,,,,4.57,42.0,1.0,0.0,240.0
1e-06,50.0,0.85,2.0,12.0,0.85,['Effective Disposals'],0.44653042996227005,6.1e-05,5.8e-05,5.9e-05,0.295227,0.295233,0.295248,,,,5.93,42.0,1.0,0.0,241.0
0.0001,50.0,0.85,2.0,12.0,0.85,['Effective Disposals'],0.44653042996227005,0.006028,0.005819,0.005865,0.294345,0.294381,0.29439,,,,4.6,42.0,1.0,0.0,242.0
0.1,50.0,0.85,2.0,12.0,0.85,['Effective Disposals'],0.44653042996227005,0.635143,0.574412,0.577184,0.178333,0.192607,0.191989,,,,5.35,42.0,1.0,0.0,243.0
1.0,50.0,0.85,2.0,12.0,0.85,['Effective Disposals'],0.44653042996227005,0.666251,0.441341,0.450195,0.170561,0.220674,0.21893,,,,6.87,42.0,1.0,0.0,244.0
10.0,50.0,0.85,2.0,12.0,0.85,['Effective Disposals'],0.44653042996227005,-1.5853908428414936e+95,-1.5788435300738636e+95,-1.5908844331273723e+95,1.1755410669365623e+47,1.1731314156776949e+47,1.1776591399782945e+47,,,,4.68,42.0,1.0,0.0,245.0
