n_estimators,max_depth,subsample,colsample_bylevel,max_bin,reg_lambda,learning_rate,features,feature combo ningxiang score,Train r2,Val r2,Test r2,Train rmse,Val rmse,Test rmse,Train mape,Val mape,Test mape,Time,random_state,verbose,bootstrap_type,n_columns,n_features,Precedence
50.0,4.0,0.7,0.7,64.0,0.01,0.01,['Effective Disposals'],0.4530041135446561,0.36974,0.372311,0.355149,0.234385,0.23391,0.237099,,,,36.93,19260817.0,False,Bernoulli,1.0,0.0,0.0
50.0,4.0,0.7,0.7,64.0,0.01,0.01,"['Effective Disposals', 'Disposals']",0.5948160494948975,0.432537,0.427332,0.420615,0.222402,0.223423,0.224742,,,,40.44,19260817.0,False,Bernoulli,2.0,1.0,1.0
50.0,4.0,0.7,0.7,64.0,0.01,0.01,"['Effective Disposals', 'Disposals', 'Contested Possessions']",0.6930841425991614,0.515259,0.505865,0.510131,0.205553,0.207539,0.206652,,,,44.31,19260817.0,False,Bernoulli,3.0,2.0,2.0
50.0,4.0,0.7,0.7,64.0,0.01,0.01,"['Effective Disposals', 'Disposals', 'Contested Possessions', 'Goals']",0.7540181838022427,0.582024,0.573664,0.575528,0.190873,0.192776,0.192364,,,,41.28,19260817.0,False,Bernoulli,4.0,3.0,3.0
50.0,4.0,0.7,0.7,64.0,0.01,0.01,"['Effective Disposals', 'Disposals', 'Contested Possessions', 'Goals', 'Hitouts']",0.7926275657350101,0.561893,0.553237,0.559289,0.195416,0.19734,0.19601,,,,45.42,19260817.0,False,Bernoulli,5.0,4.0,4.0
50.0,4.0,0.7,0.7,64.0,0.01,0.01,"['Effective Disposals', 'Disposals', 'Contested Possessions', 'Goals', 'Hitouts', 'Score Involvements']",0.8284208217712162,0.589243,0.579624,0.585444,0.189218,0.191424,0.190104,,,,45.99,19260817.0,False,Bernoulli,6.0,5.0,5.0
50.0,4.0,0.7,0.7,64.0,0.01,0.01,"['Effective Disposals', 'Disposals', 'Contested Possessions', 'Goals', 'Hitouts', 'Score Involvements', 'Kicks']",0.8604396904076625,0.600279,0.594137,0.587944,0.186659,0.18809,0.18953,,,,50.23,19260817.0,False,Bernoulli,7.0,6.0,6.0
50.0,4.0,0.7,0.7,64.0,0.01,0.01,"['Effective Disposals', 'Disposals', 'Contested Possessions', 'Goals', 'Hitouts', 'Score Involvements', 'Kicks', 'Tackles']",0.8863739642752027,0.586557,0.575258,0.574876,0.189836,0.192415,0.192512,,,,47.61,19260817.0,False,Bernoulli,8.0,7.0,7.0
50.0,4.0,0.7,0.7,64.0,0.01,0.01,"['Effective Disposals', 'Disposals', 'Contested Possessions', 'Goals', 'Hitouts', 'Score Involvements', 'Kicks', 'Tackles', 'One Percenters']",0.9068948040480213,0.606849,0.594144,0.592768,0.185118,0.188089,0.188418,,,,49.43,19260817.0,False,Bernoulli,9.0,8.0,8.0
50.0,4.0,0.7,0.7,64.0,0.01,0.01,"['Effective Disposals', 'Disposals', 'Contested Possessions', 'Goals', 'Hitouts', 'Score Involvements', 'Kicks', 'Tackles', 'One Percenters', 'Clangers']",0.921790316992142,0.575929,0.564847,0.565015,0.19226,0.194759,0.194732,,,,52.48,19260817.0,False,Bernoulli,10.0,9.0,9.0
50.0,4.0,0.7,0.7,64.0,0.01,0.01,"['Effective Disposals', 'Disposals', 'Contested Possessions', 'Goals', 'Hitouts', 'Score Involvements', 'Kicks', 'Tackles', 'One Percenters', 'Clangers', 'Tackles Outside 50']",0.9300102609080034,0.593803,0.586576,0.586342,0.188165,0.189834,0.189898,,,,53.46,19260817.0,False,Bernoulli,11.0,10.0,10.0
50.0,4.0,0.7,0.7,64.0,0.01,0.01,"['Effective Disposals', 'Disposals', 'Contested Possessions', 'Goals', 'Hitouts', 'Score Involvements', 'Kicks', 'Tackles', 'One Percenters', 'Clangers', 'Tackles Outside 50', 'Contested Marks']",0.937977887697492,0.589056,0.583952,0.581546,0.189261,0.190436,0.190996,,,,56.12,19260817.0,False,Bernoulli,12.0,11.0,11.0
50.0,4.0,0.7,0.7,64.0,0.01,0.01,"['Effective Disposals', 'Disposals', 'Contested Possessions', 'Goals', 'Hitouts', 'Score Involvements', 'Kicks', 'Tackles', 'One Percenters', 'Clangers', 'Tackles Outside 50', 'Contested Marks', 'Behind Assists']",0.9451269158445708,0.591685,0.588293,0.581528,0.188655,0.18944,0.191,,,,55.07,19260817.0,False,Bernoulli,13.0,12.0,12.0
50.0,4.0,0.7,0.7,64.0,0.01,0.01,"['Effective Disposals', 'Disposals', 'Contested Possessions', 'Goals', 'Hitouts', 'Score Involvements', 'Kicks', 'Tackles', 'One Percenters', 'Clangers', 'Tackles Outside 50', 'Contested Marks', 'Behind Assists', 'Metres Gained']",0.9515601377379732,0.595782,0.586918,0.586628,0.187706,0.189756,0.189833,,,,59.44,19260817.0,False,Bernoulli,14.0,13.0,13.0
50.0,4.0,0.7,0.7,64.0,0.01,0.01,"['Effective Disposals', 'Disposals', 'Contested Possessions', 'Goals', 'Hitouts', 'Score Involvements', 'Kicks', 'Tackles', 'One Percenters', 'Clangers', 'Tackles Outside 50', 'Contested Marks', 'Behind Assists', 'Metres Gained', 'Marks']",0.957742822730492,0.588679,0.57774,0.580667,0.189348,0.191852,0.191196,,,,57.4,19260817.0,False,Bernoulli,15.0,14.0,14.0
50.0,4.0,0.7,0.7,64.0,0.01,0.01,"['Effective Disposals', 'Disposals', 'Contested Possessions', 'Goals', 'Hitouts', 'Score Involvements', 'Kicks', 'Tackles', 'One Percenters', 'Clangers', 'Tackles Outside 50', 'Contested Marks', 'Behind Assists', 'Metres Gained', 'Marks', 'Intercepts']",0.9622914921123896,0.600126,0.593518,0.592738,0.186694,0.188234,0.188424,,,,59.29,19260817.0,False,Bernoulli,16.0,15.0,15.0
50.0,4.0,0.7,0.7,64.0,0.01,0.01,"['Effective Disposals', 'Disposals', 'Contested Possessions', 'Goals', 'Hitouts', 'Score Involvements', 'Kicks', 'Tackles', 'One Percenters', 'Clangers', 'Tackles Outside 50', 'Contested Marks', 'Behind Assists', 'Metres Gained', 'Marks', 'Intercepts', 'Marks Inside 50']",0.96539957212811,0.594329,0.584544,0.582824,0.188043,0.1903,0.190704,,,,66.67,19260817.0,False,Bernoulli,17.0,16.0,16.0
50.0,4.0,0.7,0.7,64.0,0.01,0.01,"['Effective Disposals', 'Disposals', 'Contested Possessions', 'Goals', 'Hitouts', 'Score Involvements', 'Kicks', 'Tackles', 'One Percenters', 'Clangers', 'Tackles Outside 50', 'Contested Marks', 'Behind Assists', 'Metres Gained', 'Marks', 'Intercepts', 'Marks Inside 50', 'Frees Agains']",0.9683489394245146,0.589686,0.584739,0.581492,0.189116,0.190256,0.191008,,,,62.32,19260817.0,False,Bernoulli,18.0,17.0,17.0
50.0,4.0,0.7,0.7,64.0,0.01,0.01,"['Effective Disposals', 'Disposals', 'Contested Possessions', 'Goals', 'Hitouts', 'Score Involvements', 'Kicks', 'Tackles', 'One Percenters', 'Clangers', 'Tackles Outside 50', 'Contested Marks', 'Behind Assists', 'Metres Gained', 'Marks', 'Intercepts', 'Marks Inside 50', 'Frees Agains', 'Goal Assists']",0.9712786115163126,0.587328,0.580345,0.5781,0.189658,0.19126,0.191781,,,,63.42,19260817.0,False,Bernoulli,19.0,18.0,18.0
50.0,4.0,0.7,0.7,64.0,0.01,0.01,"['Effective Disposals', 'Disposals', 'Contested Possessions', 'Goals', 'Hitouts', 'Score Involvements', 'Kicks', 'Tackles', 'One Percenters', 'Clangers', 'Tackles Outside 50', 'Contested Marks', 'Behind Assists', 'Metres Gained', 'Marks', 'Intercepts', 'Marks Inside 50', 'Frees Agains', 'Goal Assists', 'Tackles Inside 50']",0.9739196745428856,0.610949,0.603753,0.593486,0.18415,0.185849,0.188251,,,,68.81,19260817.0,False,Bernoulli,20.0,19.0,19.0
50.0,4.0,0.7,0.7,64.0,0.01,0.01,"['Effective Disposals', 'Disposals', 'Contested Possessions', 'Goals', 'Hitouts', 'Score Involvements', 'Kicks', 'Tackles', 'One Percenters', 'Clangers', 'Tackles Outside 50', 'Contested Marks', 'Behind Assists', 'Metres Gained', 'Marks', 'Intercepts', 'Marks Inside 50', 'Frees Agains', 'Goal Assists', 'Tackles Inside 50', 'Handballs']",0.9764793087738668,0.580294,0.574174,0.571854,0.191268,0.192661,0.193195,,,,65.78,19260817.0,False,Bernoulli,21.0,20.0,20.0
50.0,4.0,0.7,0.7,64.0,0.01,0.01,"['Effective Disposals', 'Disposals', 'Contested Possessions', 'Goals', 'Hitouts', 'Score Involvements', 'Kicks', 'Tackles', 'One Percenters', 'Clangers', 'Tackles Outside 50', 'Contested Marks', 'Behind Assists', 'Metres Gained', 'Marks', 'Intercepts', 'Marks Inside 50', 'Frees Agains', 'Goal Assists', 'Tackles Inside 50', 'Handballs', 'Marks Outside 50']",0.9786263510963568,0.606736,0.604923,0.59828,0.185145,0.185574,0.187138,,,,70.65,19260817.0,False,Bernoulli,22.0,21.0,21.0
50.0,4.0,0.7,0.7,64.0,0.01,0.01,"['Effective Disposals', 'Disposals', 'Contested Possessions', 'Goals', 'Hitouts', 'Score Involvements', 'Kicks', 'Tackles', 'One Percenters', 'Clangers', 'Tackles Outside 50', 'Contested Marks', 'Behind Assists', 'Metres Gained', 'Marks', 'Intercepts', 'Marks Inside 50', 'Frees Agains', 'Goal Assists', 'Tackles Inside 50', 'Handballs', 'Marks Outside 50', 'Time On Ground %']",0.9806877626160077,0.583943,0.580902,0.574211,0.190435,0.191133,0.192663,,,,68.9,19260817.0,False,Bernoulli,23.0,22.0,22.0
50.0,4.0,0.7,0.7,64.0,0.01,0.01,"['Effective Disposals', 'Disposals', 'Contested Possessions', 'Goals', 'Hitouts', 'Score Involvements', 'Kicks', 'Tackles', 'One Percenters', 'Clangers', 'Tackles Outside 50', 'Contested Marks', 'Behind Assists', 'Metres Gained', 'Marks', 'Intercepts', 'Marks Inside 50', 'Frees Agains', 'Goal Assists', 'Tackles Inside 50', 'Handballs', 'Marks Outside 50', 'Time On Ground %', 'Disposal Efficiency %']",0.9826720510926692,0.56262,0.552064,0.556399,0.195254,0.197599,0.196651,,,,70.05,19260817.0,False,Bernoulli,24.0,23.0,23.0
50.0,4.0,0.7,0.7,64.0,0.01,0.01,"['Effective Disposals', 'Disposals', 'Contested Possessions', 'Goals', 'Hitouts', 'Score Involvements', 'Kicks', 'Tackles', 'One Percenters', 'Clangers', 'Tackles Outside 50', 'Contested Marks', 'Behind Assists', 'Metres Gained', 'Marks', 'Intercepts', 'Marks Inside 50', 'Frees Agains', 'Goal Assists', 'Tackles Inside 50', 'Handballs', 'Marks Outside 50', 'Time On Ground %', 'Disposal Efficiency %', 'Rebound 50s']",0.984419983127306,0.556903,0.549864,0.546372,0.196526,0.198084,0.198861,,,,76.5,19260817.0,False,Bernoulli,25.0,24.0,24.0
50.0,4.0,0.7,0.7,64.0,0.01,0.01,"['Effective Disposals', 'Disposals', 'Contested Possessions', 'Goals', 'Hitouts', 'Score Involvements', 'Kicks', 'Tackles', 'One Percenters', 'Clangers', 'Tackles Outside 50', 'Contested Marks', 'Behind Assists', 'Metres Gained', 'Marks', 'Intercepts', 'Marks Inside 50', 'Frees Agains', 'Goal Assists', 'Tackles Inside 50', 'Handballs', 'Marks Outside 50', 'Time On Ground %', 'Disposal Efficiency %', 'Rebound 50s', 'Uncontested Marks']",0.9861672466363148,0.559681,0.550804,0.549517,0.195909,0.197877,0.198171,,,,73.8,19260817.0,False,Bernoulli,26.0,25.0,25.0
50.0,4.0,0.7,0.7,64.0,0.01,0.01,"['Effective Disposals', 'Disposals', 'Contested Possessions', 'Goals', 'Hitouts', 'Score Involvements', 'Kicks', 'Tackles', 'One Percenters', 'Clangers', 'Tackles Outside 50', 'Contested Marks', 'Behind Assists', 'Metres Gained', 'Marks', 'Intercepts', 'Marks Inside 50', 'Frees Agains', 'Goal Assists', 'Tackles Inside 50', 'Handballs', 'Marks Outside 50', 'Time On Ground %', 'Disposal Efficiency %', 'Rebound 50s', 'Uncontested Marks', 'Frees For']",0.9876764877640174,0.561714,0.553089,0.551252,0.195456,0.197373,0.197789,,,,77.19,19260817.0,False,Bernoulli,27.0,26.0,26.0
50.0,4.0,0.7,0.7,64.0,0.01,0.01,"['Effective Disposals', 'Disposals', 'Contested Possessions', 'Goals', 'Hitouts', 'Score Involvements', 'Kicks', 'Tackles', 'One Percenters', 'Clangers', 'Tackles Outside 50', 'Contested Marks', 'Behind Assists', 'Metres Gained', 'Marks', 'Intercepts', 'Marks Inside 50', 'Frees Agains', 'Goal Assists', 'Tackles Inside 50', 'Handballs', 'Marks Outside 50', 'Time On Ground %', 'Disposal Efficiency %', 'Rebound 50s', 'Uncontested Marks', 'Frees For', 'Inside 50s']",0.9891849159403272,0.569047,0.565638,0.557779,0.193814,0.194582,0.196345,,,,78.02,19260817.0,False,Bernoulli,28.0,27.0,27.0
50.0,4.0,0.7,0.7,64.0,0.01,0.01,"['Effective Disposals', 'Disposals', 'Contested Possessions', 'Goals', 'Hitouts', 'Score Involvements', 'Kicks', 'Tackles', 'One Percenters', 'Clangers', 'Tackles Outside 50', 'Contested Marks', 'Behind Assists', 'Metres Gained', 'Marks', 'Intercepts', 'Marks Inside 50', 'Frees Agains', 'Goal Assists', 'Tackles Inside 50', 'Handballs', 'Marks Outside 50', 'Time On Ground %', 'Disposal Efficiency %', 'Rebound 50s', 'Uncontested Marks', 'Frees For', 'Inside 50s', 'Turnovers']",0.9906885153906778,0.581977,0.577254,0.574379,0.190884,0.191963,0.192625,,,,80.67,19260817.0,False,Bernoulli,29.0,28.0,28.0
50.0,4.0,0.7,0.7,64.0,0.01,0.01,"['Effective Disposals', 'Disposals', 'Contested Possessions', 'Goals', 'Hitouts', 'Score Involvements', 'Kicks', 'Tackles', 'One Percenters', 'Clangers', 'Tackles Outside 50', 'Contested Marks', 'Behind Assists', 'Metres Gained', 'Marks', 'Intercepts', 'Marks Inside 50', 'Frees Agains', 'Goal Assists', 'Tackles Inside 50', 'Handballs', 'Marks Outside 50', 'Time On Ground %', 'Disposal Efficiency %', 'Rebound 50s', 'Uncontested Marks', 'Frees For', 'Inside 50s', 'Turnovers', 'Bounces']",0.9921722542855724,0.573917,0.564715,0.560996,0.192715,0.194789,0.19563,,,,79.12,19260817.0,False,Bernoulli,30.0,29.0,29.0
50.0,4.0,0.7,0.7,64.0,0.01,0.01,"['Effective Disposals', 'Disposals', 'Contested Possessions', 'Goals', 'Hitouts', 'Score Involvements', 'Kicks', 'Tackles', 'One Percenters', 'Clangers', 'Tackles Outside 50', 'Contested Marks', 'Behind Assists', 'Metres Gained', 'Marks', 'Intercepts', 'Marks Inside 50', 'Frees Agains', 'Goal Assists', 'Tackles Inside 50', 'Handballs', 'Marks Outside 50', 'Time On Ground %', 'Disposal Efficiency %', 'Rebound 50s', 'Uncontested Marks', 'Frees For', 'Inside 50s', 'Turnovers', 'Bounces', 'Centre Clearances']",0.9935489548985884,0.555871,0.549987,0.544937,0.196754,0.198057,0.199176,,,,79.57,19260817.0,False,Bernoulli,31.0,30.0,30.0
50.0,4.0,0.7,0.7,64.0,0.01,0.01,"['Effective Disposals', 'Disposals', 'Contested Possessions', 'Goals', 'Hitouts', 'Score Involvements', 'Kicks', 'Tackles', 'One Percenters', 'Clangers', 'Tackles Outside 50', 'Contested Marks', 'Behind Assists', 'Metres Gained', 'Marks', 'Intercepts', 'Marks Inside 50', 'Frees Agains', 'Goal Assists', 'Tackles Inside 50', 'Handballs', 'Marks Outside 50', 'Time On Ground %', 'Disposal Efficiency %', 'Rebound 50s', 'Uncontested Marks', 'Frees For', 'Inside 50s', 'Turnovers', 'Bounces', 'Centre Clearances', 'Behinds']",0.9948958251788526,0.558486,0.551114,0.551654,0.196174,0.197809,0.1977,,,,84.24,19260817.0,False,Bernoulli,32.0,31.0,31.0
50.0,4.0,0.7,0.7,64.0,0.01,0.01,"['Effective Disposals', 'Disposals', 'Contested Possessions', 'Goals', 'Hitouts', 'Score Involvements', 'Kicks', 'Tackles', 'One Percenters', 'Clangers', 'Tackles Outside 50', 'Contested Marks', 'Behind Assists', 'Metres Gained', 'Marks', 'Intercepts', 'Marks Inside 50', 'Frees Agains', 'Goal Assists', 'Tackles Inside 50', 'Handballs', 'Marks Outside 50', 'Time On Ground %', 'Disposal Efficiency %', 'Rebound 50s', 'Uncontested Marks', 'Frees For', 'Inside 50s', 'Turnovers', 'Bounces', 'Centre Clearances', 'Behinds', 'Uncontested Possessions']",0.996206147250226,0.580511,0.571552,0.568289,0.191219,0.193253,0.193998,,,,82.15,19260817.0,False,Bernoulli,33.0,32.0,32.0
50.0,4.0,0.7,0.7,64.0,0.01,0.01,"['Effective Disposals', 'Disposals', 'Contested Possessions', 'Goals', 'Hitouts', 'Score Involvements', 'Kicks', 'Tackles', 'One Percenters', 'Clangers', 'Tackles Outside 50', 'Contested Marks', 'Behind Assists', 'Metres Gained', 'Marks', 'Intercepts', 'Marks Inside 50', 'Frees Agains', 'Goal Assists', 'Tackles Inside 50', 'Handballs', 'Marks Outside 50', 'Time On Ground %', 'Disposal Efficiency %', 'Rebound 50s', 'Uncontested Marks', 'Frees For', 'Inside 50s', 'Turnovers', 'Bounces', 'Centre Clearances', 'Behinds', 'Uncontested Possessions', 'Clearances']",0.9974370585950636,0.555719,0.550281,0.548354,0.196788,0.197992,0.198426,,,,87.08,19260817.0,False,Bernoulli,34.0,33.0,33.0
50.0,4.0,0.7,0.7,64.0,0.01,0.01,"['Effective Disposals', 'Disposals', 'Contested Possessions', 'Goals', 'Hitouts', 'Score Involvements', 'Kicks', 'Tackles', 'One Percenters', 'Clangers', 'Tackles Outside 50', 'Contested Marks', 'Behind Assists', 'Metres Gained', 'Marks', 'Intercepts', 'Marks Inside 50', 'Frees Agains', 'Goal Assists', 'Tackles Inside 50', 'Handballs', 'Marks Outside 50', 'Time On Ground %', 'Disposal Efficiency %', 'Rebound 50s', 'Uncontested Marks', 'Frees For', 'Inside 50s', 'Turnovers', 'Bounces', 'Centre Clearances', 'Behinds', 'Uncontested Possessions', 'Clearances', 'Stoppage Clearances']",0.998608877114658,0.570653,0.561485,0.564565,0.193452,0.19551,0.194833,,,,86.0,19260817.0,False,Bernoulli,35.0,34.0,34.0
50.0,4.0,0.7,0.7,64.0,0.01,0.01,"['Effective Disposals', 'Disposals', 'Contested Possessions', 'Goals', 'Hitouts', 'Score Involvements', 'Kicks', 'Tackles', 'One Percenters', 'Clangers', 'Tackles Outside 50', 'Contested Marks', 'Behind Assists', 'Metres Gained', 'Marks', 'Intercepts', 'Marks Inside 50', 'Frees Agains', 'Goal Assists', 'Tackles Inside 50', 'Handballs', 'Marks Outside 50', 'Time On Ground %', 'Disposal Efficiency %', 'Rebound 50s', 'Uncontested Marks', 'Frees For', 'Inside 50s', 'Turnovers', 'Bounces', 'Centre Clearances', 'Behinds', 'Uncontested Possessions', 'Clearances', 'Stoppage Clearances', 'Ineffective Disposals']",0.9996307329850735,0.559589,0.548282,0.5471,0.195929,0.198432,0.198702,,,,89.53,19260817.0,False,Bernoulli,36.0,35.0,35.0
50.0,4.0,0.7,0.7,64.0,0.01,0.01,"['Effective Disposals', 'Disposals', 'Contested Possessions', 'Goals', 'Hitouts', 'Score Involvements', 'Kicks', 'Tackles', 'One Percenters', 'Clangers', 'Tackles Outside 50', 'Contested Marks', 'Behind Assists', 'Metres Gained', 'Marks', 'Intercepts', 'Marks Inside 50', 'Frees Agains', 'Goal Assists', 'Tackles Inside 50', 'Handballs', 'Marks Outside 50', 'Time On Ground %', 'Disposal Efficiency %', 'Rebound 50s', 'Uncontested Marks', 'Frees For', 'Inside 50s', 'Turnovers', 'Bounces', 'Centre Clearances', 'Behinds', 'Uncontested Possessions', 'Clearances', 'Stoppage Clearances', 'Ineffective Disposals', 'Winloss']",1.0,0.542374,0.534338,0.531741,0.199722,0.201471,0.202043,,,,89.59,19260817.0,False,Bernoulli,37.0,36.0,36.0
50.0,2.0,0.7,0.7,64.0,0.01,0.01,"['Effective Disposals', 'Disposals', 'Contested Possessions', 'Goals', 'Hitouts', 'Score Involvements', 'Kicks', 'Tackles', 'One Percenters', 'Clangers', 'Tackles Outside 50', 'Contested Marks', 'Behind Assists', 'Metres Gained', 'Marks', 'Intercepts', 'Marks Inside 50', 'Frees Agains', 'Goal Assists', 'Tackles Inside 50', 'Handballs', 'Marks Outside 50']",0.9786263510963568,0.322514,0.327335,0.315876,0.243008,0.242146,0.244212,,,,48.82,19260817.0,False,Bernoulli,22.0,21.0,37.0
50.0,8.0,0.7,0.7,64.0,0.01,0.01,"['Effective Disposals', 'Disposals', 'Contested Possessions', 'Goals', 'Hitouts', 'Score Involvements', 'Kicks', 'Tackles', 'One Percenters', 'Clangers', 'Tackles Outside 50', 'Contested Marks', 'Behind Assists', 'Metres Gained', 'Marks', 'Intercepts', 'Marks Inside 50', 'Frees Agains', 'Goal Assists', 'Tackles Inside 50', 'Handballs', 'Marks Outside 50']",0.9786263510963568,0.721101,0.697953,0.697025,0.155917,0.162261,0.162519,,,,140.71,19260817.0,False,Bernoulli,22.0,21.0,38.0
50.0,4.0,0.7,0.7,64.0,0.01,0.01,"['Effective Disposals', 'Disposals', 'Contested Possessions', 'Goals', 'Score Involvements']",0.7965879020682821,0.58412,0.578646,0.581886,0.190394,0.191646,0.190918,,,,50.59,19260817.0,False,Bernoulli,5.0,4.0,4.0
50.0,4.0,0.7,0.7,64.0,0.01,0.01,"['Effective Disposals', 'Disposals', 'Contested Possessions', 'Goals', 'Score Involvements', 'Hitouts']",0.8334493582092865,0.589471,0.581539,0.591939,0.189165,0.190987,0.188609,,,,47.16,19260817.0,False,Bernoulli,6.0,5.0,5.0
50.0,4.0,0.7,0.7,64.0,0.01,0.01,"['Effective Disposals', 'Disposals', 'Contested Possessions', 'Goals', 'Score Involvements', 'Hitouts', 'Kicks']",0.8643600434499222,0.606662,0.60114,0.602683,0.185162,0.186461,0.18611,,,,54.62,19260817.0,False,Bernoulli,7.0,6.0,6.0
50.0,4.0,0.7,0.7,64.0,0.01,0.01,"['Effective Disposals', 'Disposals', 'Contested Possessions', 'Goals', 'Score Involvements', 'Hitouts', 'Kicks', 'Tackles']",0.8888584293867895,0.589668,0.580817,0.587067,0.18912,0.191152,0.189732,,,,48.79,19260817.0,False,Bernoulli,8.0,7.0,7.0
50.0,4.0,0.7,0.7,64.0,0.01,0.01,"['Effective Disposals', 'Disposals', 'Contested Possessions', 'Goals', 'Score Involvements', 'Hitouts', 'Kicks', 'Tackles', 'One Percenters']",0.908246584633331,0.607025,0.598522,0.602438,0.185077,0.187072,0.186167,,,,50.21,19260817.0,False,Bernoulli,9.0,8.0,8.0
50.0,4.0,0.7,0.7,64.0,0.01,0.01,"['Effective Disposals', 'Disposals', 'Contested Possessions', 'Goals', 'Score Involvements', 'Hitouts', 'Kicks', 'Tackles', 'One Percenters', 'Clangers']",0.921724797043356,0.571622,0.567027,0.56926,0.193234,0.194271,0.19378,,,,53.36,19260817.0,False,Bernoulli,10.0,9.0,9.0
50.0,4.0,0.7,0.7,64.0,0.01,0.01,"['Effective Disposals', 'Disposals', 'Contested Possessions', 'Goals', 'Score Involvements', 'Hitouts', 'Kicks', 'Tackles', 'One Percenters', 'Clangers', 'Contested Marks']",0.9296124325661,0.609277,0.604781,0.610802,0.184546,0.185608,0.184198,,,,52.53,19260817.0,False,Bernoulli,11.0,10.0,10.0
50.0,4.0,0.7,0.7,64.0,0.01,0.01,"['Effective Disposals', 'Disposals', 'Contested Possessions', 'Goals', 'Score Involvements', 'Hitouts', 'Kicks', 'Tackles', 'One Percenters', 'Clangers', 'Contested Marks', 'Tackles Outside 50']",0.9370952172710802,0.588372,0.585282,0.588739,0.189418,0.190131,0.189347,,,,55.89,19260817.0,False,Bernoulli,12.0,11.0,11.0
50.0,4.0,0.7,0.7,64.0,0.01,0.01,"['Effective Disposals', 'Disposals', 'Contested Possessions', 'Goals', 'Score Involvements', 'Hitouts', 'Kicks', 'Tackles', 'One Percenters', 'Clangers', 'Contested Marks', 'Tackles Outside 50', 'Metres Gained']",0.943798522826618,0.579793,0.574201,0.574314,0.191382,0.192655,0.192639,,,,54.82,19260817.0,False,Bernoulli,13.0,12.0,12.0
50.0,4.0,0.7,0.7,64.0,0.01,0.01,"['Effective Disposals', 'Disposals', 'Contested Possessions', 'Goals', 'Score Involvements', 'Hitouts', 'Kicks', 'Tackles', 'One Percenters', 'Clangers', 'Contested Marks', 'Tackles Outside 50', 'Metres Gained', 'Marks']",0.9503332272292372,0.578642,0.571805,0.57445,0.191644,0.193196,0.192609,,,,57.66,19260817.0,False,Bernoulli,14.0,13.0,13.0
50.0,4.0,0.7,0.7,64.0,0.01,0.01,"['Effective Disposals', 'Disposals', 'Contested Possessions', 'Goals', 'Score Involvements', 'Hitouts', 'Kicks', 'Tackles', 'One Percenters', 'Clangers', 'Contested Marks', 'Tackles Outside 50', 'Metres Gained', 'Marks', 'Behind Assists']",0.9565296687326263,0.575075,0.56636,0.573543,0.192453,0.19442,0.192814,,,,59.16,19260817.0,False,Bernoulli,15.0,14.0,14.0
50.0,4.0,0.7,0.7,64.0,0.01,0.01,"['Effective Disposals', 'Disposals', 'Contested Possessions', 'Goals', 'Score Involvements', 'Hitouts', 'Kicks', 'Tackles', 'One Percenters', 'Clangers', 'Contested Marks', 'Tackles Outside 50', 'Metres Gained', 'Marks', 'Behind Assists', 'Intercepts']",0.9611499564974356,0.578616,0.576012,0.580238,0.19165,0.192245,0.191294,,,,60.57,19260817.0,False,Bernoulli,16.0,15.0,15.0
50.0,4.0,0.7,0.7,64.0,0.01,0.01,"['Effective Disposals', 'Disposals', 'Contested Possessions', 'Goals', 'Score Involvements', 'Hitouts', 'Kicks', 'Tackles', 'One Percenters', 'Clangers', 'Contested Marks', 'Tackles Outside 50', 'Metres Gained', 'Marks', 'Behind Assists', 'Intercepts', 'Marks Inside 50']",0.9645858003064072,0.590599,0.585094,0.58833,0.188905,0.190174,0.189441,,,,61.54,19260817.0,False,Bernoulli,17.0,16.0,16.0
50.0,4.0,0.7,0.7,64.0,0.01,0.01,"['Effective Disposals', 'Disposals', 'Contested Possessions', 'Goals', 'Score Involvements', 'Hitouts', 'Kicks', 'Tackles', 'One Percenters', 'Clangers', 'Contested Marks', 'Tackles Outside 50', 'Metres Gained', 'Marks', 'Behind Assists', 'Intercepts', 'Marks Inside 50', 'Goal Assists']",0.9673770870917228,0.593273,0.586498,0.591147,0.188287,0.189852,0.188792,,,,63.18,19260817.0,False,Bernoulli,18.0,17.0,17.0
50.0,4.0,0.7,0.7,64.0,0.01,0.01,"['Effective Disposals', 'Disposals', 'Contested Possessions', 'Goals', 'Score Involvements', 'Hitouts', 'Kicks', 'Tackles', 'One Percenters', 'Clangers', 'Contested Marks', 'Tackles Outside 50', 'Metres Gained', 'Marks', 'Behind Assists', 'Intercepts', 'Marks Inside 50', 'Goal Assists', 'Frees Agains']",0.9701515001846404,0.592926,0.586667,0.592635,0.188368,0.189814,0.188448,,,,66.13,19260817.0,False,Bernoulli,19.0,18.0,18.0
50.0,4.0,0.7,0.7,64.0,0.01,0.01,"['Effective Disposals', 'Disposals', 'Contested Possessions', 'Goals', 'Score Involvements', 'Hitouts', 'Kicks', 'Tackles', 'One Percenters', 'Clangers', 'Contested Marks', 'Tackles Outside 50', 'Metres Gained', 'Marks', 'Behind Assists', 'Intercepts', 'Marks Inside 50', 'Goal Assists', 'Frees Agains', 'Tackles Inside 50']",0.9727234836103577,0.580455,0.574452,0.578041,0.191231,0.192598,0.191794,,,,66.83,19260817.0,False,Bernoulli,20.0,19.0,19.0
50.0,4.0,0.7,0.7,64.0,0.01,0.01,"['Effective Disposals', 'Disposals', 'Contested Possessions', 'Goals', 'Score Involvements', 'Hitouts', 'Kicks', 'Tackles', 'One Percenters', 'Clangers', 'Contested Marks', 'Tackles Outside 50', 'Metres Gained', 'Marks', 'Behind Assists', 'Intercepts', 'Marks Inside 50', 'Goal Assists', 'Frees Agains', 'Tackles Inside 50', 'Handballs']",0.975217379174236,0.572917,0.562197,0.567287,0.192942,0.195351,0.194223,,,,66.62,19260817.0,False,Bernoulli,21.0,20.0,20.0
50.0,4.0,0.7,0.7,64.0,0.01,0.01,"['Effective Disposals', 'Disposals', 'Contested Possessions', 'Goals', 'Score Involvements', 'Hitouts', 'Kicks', 'Tackles', 'One Percenters', 'Clangers', 'Contested Marks', 'Tackles Outside 50', 'Metres Gained', 'Marks', 'Behind Assists', 'Intercepts', 'Marks Inside 50', 'Goal Assists', 'Frees Agains', 'Tackles Inside 50', 'Handballs', 'Marks Outside 50']",0.9773390168194316,0.596564,0.592807,0.589379,0.187524,0.188398,0.1892,,,,73.62,19260817.0,False,Bernoulli,22.0,21.0,21.0
50.0,4.0,0.7,0.7,64.0,0.01,0.01,"['Effective Disposals', 'Disposals', 'Contested Possessions', 'Goals', 'Score Involvements', 'Hitouts', 'Kicks', 'Tackles', 'One Percenters', 'Clangers', 'Contested Marks', 'Tackles Outside 50', 'Metres Gained', 'Marks', 'Behind Assists', 'Intercepts', 'Marks Inside 50', 'Goal Assists', 'Frees Agains', 'Tackles Inside 50', 'Handballs', 'Marks Outside 50', 'Time On Ground %']",0.9794518706907822,0.581658,0.579355,0.579635,0.190957,0.191485,0.191431,,,,70.73,19260817.0,False,Bernoulli,23.0,22.0,22.0
50.0,4.0,0.7,0.7,64.0,0.01,0.01,"['Effective Disposals', 'Disposals', 'Contested Possessions', 'Goals', 'Score Involvements', 'Hitouts', 'Kicks', 'Tackles', 'One Percenters', 'Clangers', 'Contested Marks', 'Tackles Outside 50', 'Metres Gained', 'Marks', 'Behind Assists', 'Intercepts', 'Marks Inside 50', 'Goal Assists', 'Frees Agains', 'Tackles Inside 50', 'Handballs', 'Marks Outside 50', 'Time On Ground %', 'Rebound 50s']",0.981268113923304,0.56488,0.557997,0.566334,0.194748,0.196286,0.194436,,,,70.61,19260817.0,False,Bernoulli,24.0,23.0,23.0
50.0,4.0,0.7,0.7,64.0,0.01,0.01,"['Effective Disposals', 'Disposals', 'Contested Possessions', 'Goals', 'Score Involvements', 'Hitouts', 'Kicks', 'Tackles', 'One Percenters', 'Clangers', 'Contested Marks', 'Tackles Outside 50', 'Metres Gained', 'Marks', 'Behind Assists', 'Intercepts', 'Marks Inside 50', 'Goal Assists', 'Frees Agains', 'Tackles Inside 50', 'Handballs', 'Marks Outside 50', 'Time On Ground %', 'Rebound 50s', 'Disposal Efficiency %']",0.9830121267145816,0.565409,0.560332,0.56623,0.19463,0.195767,0.19446,,,,77.39,19260817.0,False,Bernoulli,25.0,24.0,24.0
50.0,4.0,0.7,0.7,64.0,0.01,0.01,"['Effective Disposals', 'Disposals', 'Contested Possessions', 'Goals', 'Score Involvements', 'Hitouts', 'Kicks', 'Tackles', 'One Percenters', 'Clangers', 'Contested Marks', 'Tackles Outside 50', 'Metres Gained', 'Marks', 'Behind Assists', 'Intercepts', 'Marks Inside 50', 'Goal Assists', 'Frees Agains', 'Tackles Inside 50', 'Handballs', 'Marks Outside 50', 'Time On Ground %', 'Rebound 50s', 'Disposal Efficiency %', 'Uncontested Marks']",0.9847276615664784,0.567139,0.557211,0.55935,0.194242,0.196461,0.195996,,,,77.2,19260817.0,False,Bernoulli,26.0,25.0,25.0
50.0,4.0,0.7,0.7,64.0,0.01,0.01,"['Effective Disposals', 'Disposals', 'Contested Possessions', 'Goals', 'Score Involvements', 'Hitouts', 'Kicks', 'Tackles', 'One Percenters', 'Clangers', 'Contested Marks', 'Tackles Outside 50', 'Metres Gained', 'Marks', 'Behind Assists', 'Intercepts', 'Marks Inside 50', 'Goal Assists', 'Frees Agains', 'Tackles Inside 50', 'Handballs', 'Marks Outside 50', 'Time On Ground %', 'Rebound 50s', 'Disposal Efficiency %', 'Uncontested Marks', 'Frees For']",0.9864022991207512,0.558259,0.552705,0.5588,0.196225,0.197458,0.196118,,,,75.43,19260817.0,False,Bernoulli,27.0,26.0,26.0
50.0,4.0,0.7,0.7,64.0,0.01,0.01,"['Effective Disposals', 'Disposals', 'Contested Possessions', 'Goals', 'Score Involvements', 'Hitouts', 'Kicks', 'Tackles', 'One Percenters', 'Clangers', 'Contested Marks', 'Tackles Outside 50', 'Metres Gained', 'Marks', 'Behind Assists', 'Intercepts', 'Marks Inside 50', 'Goal Assists', 'Frees Agains', 'Tackles Inside 50', 'Handballs', 'Marks Outside 50', 'Time On Ground %', 'Rebound 50s', 'Disposal Efficiency %', 'Uncontested Marks', 'Frees For', 'Clearances']",0.9880071555759266,0.563273,0.557007,0.561029,0.195108,0.196506,0.195622,,,,77.63,19260817.0,False,Bernoulli,28.0,27.0,27.0
50.0,4.0,0.7,0.7,64.0,0.01,0.01,"['Effective Disposals', 'Disposals', 'Contested Possessions', 'Goals', 'Score Involvements', 'Hitouts', 'Kicks', 'Tackles', 'One Percenters', 'Clangers', 'Contested Marks', 'Tackles Outside 50', 'Metres Gained', 'Marks', 'Behind Assists', 'Intercepts', 'Marks Inside 50', 'Goal Assists', 'Frees Agains', 'Tackles Inside 50', 'Handballs', 'Marks Outside 50', 'Time On Ground %', 'Rebound 50s', 'Disposal Efficiency %', 'Uncontested Marks', 'Frees For', 'Clearances', 'Inside 50s']",0.989568451403329,0.561758,0.554637,0.55666,0.195446,0.197031,0.196593,,,,78.59,19260817.0,False,Bernoulli,29.0,28.0,28.0
50.0,4.0,0.7,0.7,64.0,0.01,0.01,"['Effective Disposals', 'Disposals', 'Contested Possessions', 'Goals', 'Score Involvements', 'Hitouts', 'Kicks', 'Tackles', 'One Percenters', 'Clangers', 'Contested Marks', 'Tackles Outside 50', 'Metres Gained', 'Marks', 'Behind Assists', 'Intercepts', 'Marks Inside 50', 'Goal Assists', 'Frees Agains', 'Tackles Inside 50', 'Handballs', 'Marks Outside 50', 'Time On Ground %', 'Rebound 50s', 'Disposal Efficiency %', 'Uncontested Marks', 'Frees For', 'Clearances', 'Inside 50s', 'Turnovers']",0.9911132734549049,0.570232,0.564139,0.568081,0.193547,0.194918,0.194045,,,,81.7,19260817.0,False,Bernoulli,30.0,29.0,29.0
50.0,4.0,0.7,0.7,64.0,0.01,0.01,"['Effective Disposals', 'Disposals', 'Contested Possessions', 'Goals', 'Score Involvements', 'Hitouts', 'Kicks', 'Tackles', 'One Percenters', 'Clangers', 'Contested Marks', 'Tackles Outside 50', 'Metres Gained', 'Marks', 'Behind Assists', 'Intercepts', 'Marks Inside 50', 'Goal Assists', 'Frees Agains', 'Tackles Inside 50', 'Handballs', 'Marks Outside 50', 'Time On Ground %', 'Rebound 50s', 'Disposal Efficiency %', 'Uncontested Marks', 'Frees For', 'Clearances', 'Inside 50s', 'Turnovers', 'Bounces']",0.9926434124424228,0.53753,0.532539,0.534915,0.200776,0.20186,0.201357,,,,81.78,19260817.0,False,Bernoulli,31.0,30.0,30.0
50.0,4.0,0.7,0.7,64.0,0.01,0.01,"['Effective Disposals', 'Disposals', 'Contested Possessions', 'Goals', 'Score Involvements', 'Hitouts', 'Kicks', 'Tackles', 'One Percenters', 'Clangers', 'Contested Marks', 'Tackles Outside 50', 'Metres Gained', 'Marks', 'Behind Assists', 'Intercepts', 'Marks Inside 50', 'Goal Assists', 'Frees Agains', 'Tackles Inside 50', 'Handballs', 'Marks Outside 50', 'Time On Ground %', 'Rebound 50s', 'Disposal Efficiency %', 'Uncontested Marks', 'Frees For', 'Clearances', 'Inside 50s', 'Turnovers', 'Bounces', 'Uncontested Possessions']",0.9941282512295924,0.559412,0.555094,0.552971,0.195968,0.19693,0.19741,,,,81.55,19260817.0,False,Bernoulli,32.0,31.0,31.0
50.0,4.0,0.7,0.7,64.0,0.01,0.01,"['Effective Disposals', 'Disposals', 'Contested Possessions', 'Goals', 'Score Involvements', 'Hitouts', 'Kicks', 'Tackles', 'One Percenters', 'Clangers', 'Contested Marks', 'Tackles Outside 50', 'Metres Gained', 'Marks', 'Behind Assists', 'Intercepts', 'Marks Inside 50', 'Goal Assists', 'Frees Agains', 'Tackles Inside 50', 'Handballs', 'Marks Outside 50', 'Time On Ground %', 'Rebound 50s', 'Disposal Efficiency %', 'Uncontested Marks', 'Frees For', 'Clearances', 'Inside 50s', 'Turnovers', 'Bounces', 'Uncontested Possessions', 'Centre Clearances']",0.9954600443092164,0.566253,0.559262,0.563572,0.194441,0.196005,0.195055,,,,85.69,19260817.0,False,Bernoulli,33.0,32.0,32.0
50.0,4.0,0.7,0.7,64.0,0.01,0.01,"['Effective Disposals', 'Disposals', 'Contested Possessions', 'Goals', 'Score Involvements', 'Hitouts', 'Kicks', 'Tackles', 'One Percenters', 'Clangers', 'Contested Marks', 'Tackles Outside 50', 'Metres Gained', 'Marks', 'Behind Assists', 'Intercepts', 'Marks Inside 50', 'Goal Assists', 'Frees Agains', 'Tackles Inside 50', 'Handballs', 'Marks Outside 50', 'Time On Ground %', 'Rebound 50s', 'Disposal Efficiency %', 'Uncontested Marks', 'Frees For', 'Clearances', 'Inside 50s', 'Turnovers', 'Bounces', 'Uncontested Possessions', 'Centre Clearances', 'Behinds']",0.9967759764723418,0.544498,0.541801,0.538018,0.199258,0.19985,0.200684,,,,86.04,19260817.0,False,Bernoulli,34.0,33.0,33.0
50.0,4.0,0.7,0.7,64.0,0.01,0.01,"['Effective Disposals', 'Disposals', 'Contested Possessions', 'Goals', 'Score Involvements', 'Hitouts', 'Kicks', 'Tackles', 'One Percenters', 'Clangers', 'Contested Marks', 'Tackles Outside 50', 'Metres Gained', 'Marks', 'Behind Assists', 'Intercepts', 'Marks Inside 50', 'Goal Assists', 'Frees Agains', 'Tackles Inside 50', 'Handballs', 'Marks Outside 50', 'Time On Ground %', 'Rebound 50s', 'Disposal Efficiency %', 'Uncontested Marks', 'Frees For', 'Clearances', 'Inside 50s', 'Turnovers', 'Bounces', 'Uncontested Possessions', 'Centre Clearances', 'Behinds', 'Stoppage Clearances']",0.998079867999009,0.571866,0.564662,0.570466,0.193179,0.194801,0.193508,,,,86.4,19260817.0,False,Bernoulli,35.0,34.0,34.0
50.0,4.0,0.7,0.7,64.0,0.01,0.01,"['Effective Disposals', 'Disposals', 'Contested Possessions', 'Goals', 'Score Involvements', 'Hitouts', 'Kicks', 'Tackles', 'One Percenters', 'Clangers', 'Contested Marks', 'Tackles Outside 50', 'Metres Gained', 'Marks', 'Behind Assists', 'Intercepts', 'Marks Inside 50', 'Goal Assists', 'Frees Agains', 'Tackles Inside 50', 'Handballs', 'Marks Outside 50', 'Time On Ground %', 'Rebound 50s', 'Disposal Efficiency %', 'Uncontested Marks', 'Frees For', 'Clearances', 'Inside 50s', 'Turnovers', 'Bounces', 'Uncontested Possessions', 'Centre Clearances', 'Behinds', 'Stoppage Clearances', 'Ineffective Disposals']",0.999192674212217,0.550642,0.537643,0.547343,0.197909,0.200755,0.198648,,,,89.29,19260817.0,False,Bernoulli,36.0,35.0,35.0
50.0,4.0,0.7,0.7,64.0,0.01,0.01,"['Effective Disposals', 'Disposals', 'Contested Possessions', 'Goals', 'Score Involvements', 'Hitouts', 'Kicks', 'Tackles', 'One Percenters', 'Clangers', 'Contested Marks', 'Tackles Outside 50', 'Metres Gained', 'Marks', 'Behind Assists', 'Intercepts', 'Marks Inside 50', 'Goal Assists', 'Frees Agains', 'Tackles Inside 50', 'Handballs', 'Marks Outside 50', 'Time On Ground %', 'Rebound 50s', 'Disposal Efficiency %', 'Uncontested Marks', 'Frees For', 'Clearances', 'Inside 50s', 'Turnovers', 'Bounces', 'Uncontested Possessions', 'Centre Clearances', 'Behinds', 'Stoppage Clearances', 'Ineffective Disposals', 'Winloss']",1.0000000000000002,0.562619,0.557607,0.559928,0.195254,0.196373,0.195867,,,,90.38,19260817.0,False,Bernoulli,37.0,36.0,36.0
50.0,2.0,0.7,0.7,64.0,0.01,0.01,"['Effective Disposals', 'Disposals', 'Contested Possessions', 'Goals', 'Score Involvements', 'Hitouts', 'Kicks', 'Tackles', 'One Percenters', 'Clangers', 'Contested Marks']",0.9296124325661,0.346226,0.34806,0.350012,0.238717,0.238386,0.238042,,,,42.84,19260817.0,False,Bernoulli,11.0,10.0,37.0
50.0,8.0,0.7,0.7,64.0,0.01,0.01,"['Effective Disposals', 'Disposals', 'Contested Possessions', 'Goals', 'Score Involvements', 'Hitouts', 'Kicks', 'Tackles', 'One Percenters', 'Clangers', 'Contested Marks']",0.9296124325661,0.738626,0.719133,0.73159,0.150939,0.156469,0.152968,,,,97.04,19260817.0,False,Bernoulli,11.0,10.0,38.0
50.0,8.0,0.7,0.7,256.0,0.01,0.01,"['Effective Disposals', 'Disposals', 'Contested Possessions', 'Goals', 'Score Involvements', 'Hitouts', 'Kicks', 'Tackles', 'One Percenters', 'Clangers', 'Contested Marks']",0.9296124325661,0.743849,0.733462,0.731741,0.149423,0.152425,0.152925,,,,167.3,19260817.0,False,Bernoulli,11.0,10.0,39.0
50.0,8.0,0.7,0.4,256.0,0.01,0.01,"['Effective Disposals', 'Disposals', 'Contested Possessions', 'Goals', 'Score Involvements', 'Hitouts', 'Kicks', 'Tackles', 'One Percenters', 'Clangers', 'Contested Marks']",0.9296124325661,0.738605,0.723894,0.724108,0.150945,0.155137,0.155085,,,,124.09,19260817.0,False,Bernoulli,11.0,10.0,40.0
50.0,8.0,0.7,0.55,256.0,0.01,0.01,"['Effective Disposals', 'Disposals', 'Contested Possessions', 'Goals', 'Score Involvements', 'Hitouts', 'Kicks', 'Tackles', 'One Percenters', 'Clangers', 'Contested Marks']",0.9296124325661,0.738683,0.724286,0.726957,0.150922,0.155027,0.154282,,,,149.22,19260817.0,False,Bernoulli,11.0,10.0,41.0
50.0,8.0,0.7,0.85,256.0,0.01,0.01,"['Effective Disposals', 'Disposals', 'Contested Possessions', 'Goals', 'Score Involvements', 'Hitouts', 'Kicks', 'Tackles', 'One Percenters', 'Clangers', 'Contested Marks']",0.9296124325661,0.743499,0.733964,0.735029,0.149525,0.152282,0.151985,,,,194.09,19260817.0,False,Bernoulli,11.0,10.0,42.0
50.0,8.0,0.7,1.0,256.0,0.01,0.01,"['Effective Disposals', 'Disposals', 'Contested Possessions', 'Goals', 'Score Involvements', 'Hitouts', 'Kicks', 'Tackles', 'One Percenters', 'Clangers', 'Contested Marks']",0.9296124325661,0.745159,0.732154,0.734504,0.149041,0.152799,0.152135,,,,220.63,19260817.0,False,Bernoulli,11.0,10.0,43.0
50.0,8.0,0.4,0.85,256.0,0.01,0.01,"['Effective Disposals', 'Disposals', 'Contested Possessions', 'Goals', 'Score Involvements', 'Hitouts', 'Kicks', 'Tackles', 'One Percenters', 'Clangers', 'Contested Marks']",0.9296124325661,0.739209,0.727953,0.728688,0.15077,0.153992,0.153793,,,,187.96,19260817.0,False,Bernoulli,11.0,10.0,44.0
50.0,8.0,0.55,0.85,256.0,0.01,0.01,"['Effective Disposals', 'Disposals', 'Contested Possessions', 'Goals', 'Score Involvements', 'Hitouts', 'Kicks', 'Tackles', 'One Percenters', 'Clangers', 'Contested Marks']",0.9296124325661,0.742003,0.730869,0.735611,0.14996,0.153165,0.151817,,,,188.1,19260817.0,False,Bernoulli,11.0,10.0,45.0
50.0,8.0,0.85,0.85,256.0,0.01,0.01,"['Effective Disposals', 'Disposals', 'Contested Possessions', 'Goals', 'Score Involvements', 'Hitouts', 'Kicks', 'Tackles', 'One Percenters', 'Clangers', 'Contested Marks']",0.9296124325661,0.740397,0.732488,0.731513,0.150426,0.152703,0.15299,,,,213.96,19260817.0,False,Bernoulli,11.0,10.0,46.0
50.0,8.0,1.0,0.85,256.0,0.01,0.01,"['Effective Disposals', 'Disposals', 'Contested Possessions', 'Goals', 'Score Involvements', 'Hitouts', 'Kicks', 'Tackles', 'One Percenters', 'Clangers', 'Contested Marks']",0.9296124325661,0.747921,0.732234,0.737616,0.148231,0.152776,0.151241,,,,220.83,19260817.0,False,Bernoulli,11.0,10.0,47.0
25.0,8.0,0.7,0.85,256.0,0.01,0.01,"['Effective Disposals', 'Disposals', 'Contested Possessions', 'Goals', 'Score Involvements', 'Hitouts', 'Kicks', 'Tackles', 'One Percenters', 'Clangers', 'Contested Marks']",0.9296124325661,0.711245,0.703907,0.703816,0.158648,0.160654,0.160687,,,,99.12,19260817.0,False,Bernoulli,11.0,10.0,48.0
100.0,8.0,0.7,0.85,256.0,0.01,0.01,"['Effective Disposals', 'Disposals', 'Contested Possessions', 'Goals', 'Score Involvements', 'Hitouts', 'Kicks', 'Tackles', 'One Percenters', 'Clangers', 'Contested Marks']",0.9296124325661,0.77581,0.757864,0.761526,0.139791,0.14528,0.144185,,,,393.01,19260817.0,False,Bernoulli,11.0,10.0,49.0
200.0,8.0,0.7,0.85,256.0,0.01,0.01,"['Effective Disposals', 'Disposals', 'Contested Possessions', 'Goals', 'Score Involvements', 'Hitouts', 'Kicks', 'Tackles', 'One Percenters', 'Clangers', 'Contested Marks']",0.9296124325661,0.816384,0.789402,0.790713,0.12651,0.135489,0.135074,,,,806.21,19260817.0,False,Bernoulli,11.0,10.0,50.0
200.0,8.0,0.7,0.85,256.0,0.1,0.01,"['Effective Disposals', 'Disposals', 'Contested Possessions', 'Goals', 'Score Involvements', 'Hitouts', 'Kicks', 'Tackles', 'One Percenters', 'Clangers', 'Contested Marks']",0.9296124325661,0.806222,0.785854,0.788143,0.129964,0.136626,0.135901,,,,788.26,19260817.0,False,Bernoulli,11.0,10.0,51.0
200.0,8.0,0.7,0.85,256.0,1.0,0.01,"['Effective Disposals', 'Disposals', 'Contested Possessions', 'Goals', 'Score Involvements', 'Hitouts', 'Kicks', 'Tackles', 'One Percenters', 'Clangers', 'Contested Marks']",0.9296124325661,0.787522,0.776541,0.779642,0.13609,0.139565,0.1386,,,,781.23,19260817.0,False,Bernoulli,11.0,10.0,52.0
200.0,8.0,0.7,0.85,256.0,0.01,0.001,"['Effective Disposals', 'Disposals', 'Contested Possessions', 'Goals', 'Score Involvements', 'Hitouts', 'Kicks', 'Tackles', 'One Percenters', 'Clangers', 'Contested Marks']",0.9296124325661,0.712845,0.703749,0.705435,0.158208,0.160697,0.160247,,,,775.67,19260817.0,False,Bernoulli,11.0,10.0,53.0
200.0,8.0,0.7,0.85,256.0,0.01,0.1,"['Effective Disposals', 'Disposals', 'Contested Possessions', 'Goals', 'Score Involvements', 'Hitouts', 'Kicks', 'Tackles', 'One Percenters', 'Clangers', 'Contested Marks']",0.9296124325661,0.964413,0.83595,0.839924,0.055695,0.119582,0.118131,,,,779.18,19260817.0,False,Bernoulli,11.0,10.0,54.0
200.0,8.0,0.7,0.85,256.0,0.01,1.0,"['Effective Disposals', 'Disposals', 'Contested Possessions', 'Goals', 'Score Involvements', 'Hitouts', 'Kicks', 'Tackles', 'One Percenters', 'Clangers', 'Contested Marks']",0.9296124325661,0.400403,0.393624,0.413331,0.228612,0.229905,0.22615,,,,1026.88,19260817.0,False,Bernoulli,11.0,10.0,55.0
200.0,8.0,0.7,0.85,256.0,0.01,0.1,['Effective Disposals'],0.44653042996227,0.389539,0.380896,0.390142,0.230674,0.232305,0.230576,,,,180.29,19260817.0,False,Bernoulli,1.0,0.0,56.0
200.0,8.0,0.7,0.85,256.0,0.01,0.1,"['Effective Disposals', 'Disposals']",0.5902700666140068,0.451536,0.430429,0.437079,0.218647,0.222818,0.221526,,,,280.33,19260817.0,False,Bernoulli,2.0,1.0,57.0
200.0,8.0,0.7,0.85,256.0,0.01,0.1,"['Effective Disposals', 'Disposals', 'Contested Possessions']",0.6884421836299831,0.588976,0.537016,0.547658,0.189279,0.200891,0.198579,,,,369.54,19260817.0,False,Bernoulli,3.0,2.0,58.0
200.0,8.0,0.7,0.85,256.0,0.01,0.1,"['Effective Disposals', 'Disposals', 'Contested Possessions', 'Goals']",0.7573402957514369,0.743583,0.650142,0.655985,0.149501,0.174632,0.173177,,,,418.5,19260817.0,False,Bernoulli,4.0,3.0,59.0
200.0,8.0,0.7,0.85,256.0,0.01,0.1,"['Effective Disposals', 'Disposals', 'Contested Possessions', 'Goals', 'Score Involvements']",0.7965879020682821,0.78394,0.664867,0.663367,0.137232,0.170917,0.171308,,,,478.38,19260817.0,False,Bernoulli,5.0,4.0,60.0
200.0,8.0,0.7,0.85,256.0,0.01,0.1,"['Effective Disposals', 'Disposals', 'Contested Possessions', 'Goals', 'Score Involvements', 'Hitouts']",0.8334493582092865,0.845657,0.709176,0.710105,0.115988,0.159218,0.158972,,,,531.18,19260817.0,False,Bernoulli,6.0,5.0,61.0
200.0,8.0,0.7,0.85,256.0,0.01,0.1,"['Effective Disposals', 'Disposals', 'Contested Possessions', 'Goals', 'Score Involvements', 'Hitouts', 'Kicks']",0.8643600434499222,0.876925,0.740658,0.744454,0.103575,0.150353,0.149257,,,,587.57,19260817.0,False,Bernoulli,7.0,6.0,62.0
200.0,8.0,0.7,0.85,256.0,0.01,0.1,"['Effective Disposals', 'Disposals', 'Contested Possessions', 'Goals', 'Score Involvements', 'Hitouts', 'Kicks', 'Tackles']",0.8888584293867895,0.918085,0.769869,0.773907,0.084499,0.141633,0.140393,,,,637.18,19260817.0,False,Bernoulli,8.0,7.0,63.0
200.0,8.0,0.7,0.85,256.0,0.01,0.1,"['Effective Disposals', 'Disposals', 'Contested Possessions', 'Goals', 'Score Involvements', 'Hitouts', 'Kicks', 'Tackles', 'One Percenters']",0.908246584633331,0.938667,0.804296,0.806478,0.073117,0.13061,0.129887,,,,691.84,19260817.0,False,Bernoulli,9.0,8.0,64.0
200.0,8.0,0.7,0.85,256.0,0.01,0.1,"['Effective Disposals', 'Disposals', 'Contested Possessions', 'Goals', 'Score Involvements', 'Hitouts', 'Kicks', 'Tackles', 'One Percenters', 'Clangers']",0.921724797043356,0.956508,0.826773,0.835744,0.06157,0.122881,0.119663,,,,751.05,19260817.0,False,Bernoulli,10.0,9.0,65.0
200.0,8.0,0.7,0.85,256.0,0.01,0.1,"['Effective Disposals', 'Disposals', 'Contested Possessions', 'Goals', 'Score Involvements', 'Hitouts', 'Kicks', 'Tackles', 'One Percenters', 'Clangers', 'Contested Marks', 'Tackles Outside 50']",0.9370952172710802,0.962541,0.834892,0.833167,0.057141,0.119967,0.120598,,,,854.96,19260817.0,False,Bernoulli,12.0,11.0,66.0
200.0,8.0,0.7,0.85,256.0,0.01,0.1,"['Effective Disposals', 'Disposals', 'Contested Possessions', 'Goals', 'Score Involvements', 'Hitouts', 'Kicks', 'Tackles', 'One Percenters', 'Clangers', 'Contested Marks', 'Tackles Outside 50', 'Metres Gained']",0.943798522826618,0.96893,0.835791,0.831083,0.05204,0.11964,0.121349,,,,1003.96,19260817.0,False,Bernoulli,13.0,12.0,67.0
200.0,8.0,0.7,0.85,256.0,0.01,0.1,"['Effective Disposals', 'Disposals', 'Contested Possessions', 'Goals', 'Score Involvements', 'Hitouts', 'Kicks', 'Tackles', 'One Percenters', 'Clangers', 'Contested Marks', 'Tackles Outside 50', 'Metres Gained', 'Marks']",0.9503332272292372,0.973567,0.832,0.835148,0.048,0.121013,0.11988,,,,1027.29,19260817.0,False,Bernoulli,14.0,13.0,68.0
200.0,8.0,0.7,0.85,256.0,0.01,0.1,"['Effective Disposals', 'Disposals', 'Contested Possessions', 'Goals', 'Score Involvements', 'Hitouts', 'Kicks', 'Tackles', 'One Percenters', 'Clangers', 'Contested Marks', 'Tackles Outside 50', 'Metres Gained', 'Marks', 'Behind Assists']",0.9565296687326263,0.97287,0.829191,0.830392,0.048629,0.12202,0.121597,,,,1097.74,19260817.0,False,Bernoulli,15.0,14.0,69.0
200.0,8.0,0.7,0.85,256.0,0.01,0.1,"['Effective Disposals', 'Disposals', 'Contested Possessions', 'Goals', 'Score Involvements', 'Hitouts', 'Kicks', 'Tackles', 'One Percenters', 'Clangers', 'Contested Marks', 'Tackles Outside 50', 'Metres Gained', 'Marks', 'Behind Assists', 'Intercepts']",0.9611499564974356,0.974214,0.835019,0.837666,0.047409,0.119921,0.118961,,,,1143.42,19260817.0,False,Bernoulli,16.0,15.0,70.0
200.0,8.0,0.7,0.85,256.0,0.01,0.1,"['Effective Disposals', 'Disposals', 'Contested Possessions', 'Goals', 'Score Involvements', 'Hitouts', 'Kicks', 'Tackles', 'One Percenters', 'Clangers', 'Contested Marks', 'Tackles Outside 50', 'Metres Gained', 'Marks', 'Behind Assists', 'Intercepts', 'Marks Inside 50']",0.9645858003064072,0.975249,0.835371,0.832298,0.046448,0.119793,0.120912,,,,1174.48,19260817.0,False,Bernoulli,17.0,16.0,71.0
200.0,8.0,0.7,0.85,256.0,0.01,0.1,"['Effective Disposals', 'Disposals', 'Contested Possessions', 'Goals', 'Score Involvements', 'Hitouts', 'Kicks', 'Tackles', 'One Percenters', 'Clangers', 'Contested Marks', 'Tackles Outside 50', 'Metres Gained', 'Marks', 'Behind Assists', 'Intercepts', 'Marks Inside 50', 'Goal Assists']",0.9673770870917228,0.978433,0.833885,0.838412,0.043357,0.120332,0.118687,,,,1212.58,19260817.0,False,Bernoulli,18.0,17.0,72.0
200.0,8.0,0.7,0.85,256.0,0.01,0.1,"['Effective Disposals', 'Disposals', 'Contested Possessions', 'Goals', 'Score Involvements', 'Hitouts', 'Kicks', 'Tackles', 'One Percenters', 'Clangers', 'Contested Marks', 'Tackles Outside 50', 'Metres Gained', 'Marks', 'Behind Assists', 'Intercepts', 'Marks Inside 50', 'Goal Assists', 'Frees Agains']",0.9701515001846404,0.980799,0.833109,0.834738,0.040911,0.120613,0.120029,,,,1276.1,19260817.0,False,Bernoulli,19.0,18.0,73.0
200.0,8.0,0.7,0.85,256.0,0.01,0.1,"['Effective Disposals', 'Disposals', 'Contested Possessions', 'Goals', 'Score Involvements', 'Hitouts', 'Kicks', 'Tackles', 'One Percenters', 'Clangers', 'Contested Marks', 'Tackles Outside 50', 'Metres Gained', 'Marks', 'Behind Assists', 'Intercepts', 'Marks Inside 50', 'Goal Assists', 'Frees Agains', 'Tackles Inside 50']",0.9727234836103577,0.980741,0.834161,0.834111,0.040972,0.120232,0.120257,,,,1316.83,19260817.0,False,Bernoulli,20.0,19.0,74.0
200.0,8.0,0.7,0.85,256.0,0.01,0.1,"['Effective Disposals', 'Disposals', 'Contested Possessions', 'Goals', 'Score Involvements', 'Hitouts', 'Kicks', 'Tackles', 'One Percenters', 'Clangers', 'Contested Marks', 'Tackles Outside 50', 'Metres Gained', 'Marks', 'Behind Assists', 'Intercepts', 'Marks Inside 50', 'Goal Assists', 'Frees Agains', 'Tackles Inside 50', 'Handballs']",0.975217379174236,0.981955,0.835469,0.839083,0.039659,0.119757,0.118441,,,,1418.1,19260817.0,False,Bernoulli,21.0,20.0,75.0
200.0,8.0,0.7,0.85,256.0,0.01,0.1,"['Effective Disposals', 'Disposals', 'Contested Possessions', 'Goals', 'Score Involvements', 'Hitouts', 'Kicks', 'Tackles', 'One Percenters', 'Clangers', 'Contested Marks', 'Tackles Outside 50', 'Metres Gained', 'Marks', 'Behind Assists', 'Intercepts', 'Marks Inside 50', 'Goal Assists', 'Frees Agains', 'Tackles Inside 50', 'Handballs', 'Marks Outside 50']",0.9773390168194316,0.981801,0.833313,0.834571,0.039828,0.120539,0.12009,,,,1549.31,19260817.0,False,Bernoulli,22.0,21.0,76.0
200.0,8.0,0.7,0.85,256.0,0.01,0.1,"['Effective Disposals', 'Disposals', 'Contested Possessions', 'Goals', 'Score Involvements', 'Hitouts', 'Kicks', 'Tackles', 'One Percenters', 'Clangers', 'Contested Marks', 'Tackles Outside 50', 'Metres Gained', 'Marks', 'Behind Assists', 'Intercepts', 'Marks Inside 50', 'Goal Assists', 'Frees Agains', 'Tackles Inside 50', 'Handballs', 'Marks Outside 50', 'Time On Ground %']",0.9794518706907822,0.982649,0.829703,0.832207,0.038889,0.121838,0.120945,,,,1487.35,19260817.0,False,Bernoulli,23.0,22.0,77.0
200.0,8.0,0.7,0.85,256.0,0.01,0.1,"['Effective Disposals', 'Disposals', 'Contested Possessions', 'Goals', 'Score Involvements', 'Hitouts', 'Kicks', 'Tackles', 'One Percenters', 'Clangers', 'Contested Marks', 'Tackles Outside 50', 'Metres Gained', 'Marks', 'Behind Assists', 'Intercepts', 'Marks Inside 50', 'Goal Assists', 'Frees Agains', 'Tackles Inside 50', 'Handballs', 'Marks Outside 50', 'Time On Ground %', 'Rebound 50s']",0.981268113923304,0.983573,0.8293,0.829046,0.03784,0.121982,0.122079,,,,1552.16,19260817.0,False,Bernoulli,24.0,23.0,78.0
200.0,8.0,0.7,0.85,256.0,0.01,0.1,"['Effective Disposals', 'Disposals', 'Contested Possessions', 'Goals', 'Score Involvements', 'Hitouts', 'Kicks', 'Tackles', 'One Percenters', 'Clangers', 'Contested Marks', 'Tackles Outside 50', 'Metres Gained', 'Marks', 'Behind Assists', 'Intercepts', 'Marks Inside 50', 'Goal Assists', 'Frees Agains', 'Tackles Inside 50', 'Handballs', 'Marks Outside 50', 'Time On Ground %', 'Rebound 50s', 'Disposal Efficiency %']",0.9830121267145816,0.98389,0.83256,0.833645,0.037473,0.120811,0.120426,,,,1597.74,19260817.0,False,Bernoulli,25.0,24.0,79.0
200.0,8.0,0.7,0.85,256.0,0.01,0.1,"['Effective Disposals', 'Disposals', 'Contested Possessions', 'Goals', 'Score Involvements', 'Hitouts', 'Kicks', 'Tackles', 'One Percenters', 'Clangers', 'Contested Marks', 'Tackles Outside 50', 'Metres Gained', 'Marks', 'Behind Assists', 'Intercepts', 'Marks Inside 50', 'Goal Assists', 'Frees Agains', 'Tackles Inside 50', 'Handballs', 'Marks Outside 50', 'Time On Ground %', 'Rebound 50s', 'Disposal Efficiency %', 'Uncontested Marks']",0.9847276615664784,0.983296,0.829059,0.831,0.038157,0.122068,0.121379,,,,1710.01,19260817.0,False,Bernoulli,26.0,25.0,80.0
200.0,8.0,0.7,0.85,256.0,0.01,0.1,"['Effective Disposals', 'Disposals', 'Contested Possessions', 'Goals', 'Score Involvements', 'Hitouts', 'Kicks', 'Tackles', 'One Percenters', 'Clangers', 'Contested Marks', 'Tackles Outside 50', 'Metres Gained', 'Marks', 'Behind Assists', 'Intercepts', 'Marks Inside 50', 'Goal Assists', 'Frees Agains', 'Tackles Inside 50', 'Handballs', 'Marks Outside 50', 'Time On Ground %', 'Rebound 50s', 'Disposal Efficiency %', 'Uncontested Marks', 'Frees For']",0.9864022991207512,0.98429,0.830909,0.831068,0.037005,0.121405,0.121355,,,,1719.95,19260817.0,False,Bernoulli,27.0,26.0,81.0
200.0,8.0,0.7,0.85,256.0,0.01,0.1,"['Effective Disposals', 'Disposals', 'Contested Possessions', 'Goals', 'Score Involvements', 'Hitouts', 'Kicks', 'Tackles', 'One Percenters', 'Clangers', 'Contested Marks', 'Tackles Outside 50', 'Metres Gained', 'Marks', 'Behind Assists', 'Intercepts', 'Marks Inside 50', 'Goal Assists', 'Frees Agains', 'Tackles Inside 50', 'Handballs', 'Marks Outside 50', 'Time On Ground %', 'Rebound 50s', 'Disposal Efficiency %', 'Uncontested Marks', 'Frees For', 'Clearances']",0.9880071555759266,0.985702,0.829508,0.831398,0.035303,0.121907,0.121236,,,,1805.58,19260817.0,False,Bernoulli,28.0,27.0,82.0
200.0,8.0,0.7,0.85,256.0,0.01,0.1,"['Effective Disposals', 'Disposals', 'Contested Possessions', 'Goals', 'Score Involvements', 'Hitouts', 'Kicks', 'Tackles', 'One Percenters', 'Clangers', 'Contested Marks', 'Tackles Outside 50', 'Metres Gained', 'Marks', 'Behind Assists', 'Intercepts', 'Marks Inside 50', 'Goal Assists', 'Frees Agains', 'Tackles Inside 50', 'Handballs', 'Marks Outside 50', 'Time On Ground %', 'Rebound 50s', 'Disposal Efficiency %', 'Uncontested Marks', 'Frees For', 'Clearances', 'Inside 50s']",0.989568451403329,0.987294,0.826202,0.825692,0.033279,0.123083,0.123271,,,,1875.73,19260817.0,False,Bernoulli,29.0,28.0,83.0
200.0,8.0,0.7,0.85,256.0,0.01,0.1,"['Effective Disposals', 'Disposals', 'Contested Possessions', 'Goals', 'Score Involvements', 'Hitouts', 'Kicks', 'Tackles', 'One Percenters', 'Clangers', 'Contested Marks', 'Tackles Outside 50', 'Metres Gained', 'Marks', 'Behind Assists', 'Intercepts', 'Marks Inside 50', 'Goal Assists', 'Frees Agains', 'Tackles Inside 50', 'Handballs', 'Marks Outside 50', 'Time On Ground %', 'Rebound 50s', 'Disposal Efficiency %', 'Uncontested Marks', 'Frees For', 'Clearances', 'Inside 50s', 'Turnovers']",0.9911132734549049,0.987437,0.824487,0.828386,0.033092,0.123689,0.122314,,,,1802.56,19260817.0,False,Bernoulli,30.0,29.0,84.0
200.0,8.0,0.7,0.85,256.0,0.01,0.1,"['Effective Disposals', 'Disposals', 'Contested Possessions', 'Goals', 'Score Involvements', 'Hitouts', 'Kicks', 'Tackles', 'One Percenters', 'Clangers', 'Contested Marks', 'Tackles Outside 50', 'Metres Gained', 'Marks', 'Behind Assists', 'Intercepts', 'Marks Inside 50', 'Goal Assists', 'Frees Agains', 'Tackles Inside 50', 'Handballs', 'Marks Outside 50', 'Time On Ground %', 'Rebound 50s', 'Disposal Efficiency %', 'Uncontested Marks', 'Frees For', 'Clearances', 'Inside 50s', 'Turnovers', 'Bounces']",0.9926434124424228,0.98871,0.829985,0.830159,0.03137,0.121737,0.121681,,,,1848.31,19260817.0,False,Bernoulli,31.0,30.0,85.0
200.0,8.0,0.7,0.85,256.0,0.01,0.1,"['Effective Disposals', 'Disposals', 'Contested Possessions', 'Goals', 'Score Involvements', 'Hitouts', 'Kicks', 'Tackles', 'One Percenters', 'Clangers', 'Contested Marks', 'Tackles Outside 50', 'Metres Gained', 'Marks', 'Behind Assists', 'Intercepts', 'Marks Inside 50', 'Goal Assists', 'Frees Agains', 'Tackles Inside 50', 'Handballs', 'Marks Outside 50', 'Time On Ground %', 'Rebound 50s', 'Disposal Efficiency %', 'Uncontested Marks', 'Frees For', 'Clearances', 'Inside 50s', 'Turnovers', 'Bounces', 'Uncontested Possessions']",0.9941282512295924,0.987194,0.824391,0.830519,0.033409,0.123723,0.121552,,,,1880.26,19260817.0,False,Bernoulli,32.0,31.0,86.0
200.0,8.0,0.7,0.85,256.0,0.01,0.1,"['Effective Disposals', 'Disposals', 'Contested Possessions', 'Goals', 'Score Involvements', 'Hitouts', 'Kicks', 'Tackles', 'One Percenters', 'Clangers', 'Contested Marks', 'Tackles Outside 50', 'Metres Gained', 'Marks', 'Behind Assists', 'Intercepts', 'Marks Inside 50', 'Goal Assists', 'Frees Agains', 'Tackles Inside 50', 'Handballs', 'Marks Outside 50', 'Time On Ground %', 'Rebound 50s', 'Disposal Efficiency %', 'Uncontested Marks', 'Frees For', 'Clearances', 'Inside 50s', 'Turnovers', 'Bounces', 'Uncontested Possessions', 'Centre Clearances']",0.9954600443092164,0.988026,0.823633,0.825622,0.032306,0.12399,0.123295,,,,1929.45,19260817.0,False,Bernoulli,33.0,32.0,87.0
200.0,8.0,0.7,0.85,256.0,0.01,0.1,"['Effective Disposals', 'Disposals', 'Contested Possessions', 'Goals', 'Score Involvements', 'Hitouts', 'Kicks', 'Tackles', 'One Percenters', 'Clangers', 'Contested Marks', 'Tackles Outside 50', 'Metres Gained', 'Marks', 'Behind Assists', 'Intercepts', 'Marks Inside 50', 'Goal Assists', 'Frees Agains', 'Tackles Inside 50', 'Handballs', 'Marks Outside 50', 'Time On Ground %', 'Rebound 50s', 'Disposal Efficiency %', 'Uncontested Marks', 'Frees For', 'Clearances', 'Inside 50s', 'Turnovers', 'Bounces', 'Uncontested Possessions', 'Centre Clearances', 'Behinds']",0.9967759764723418,0.988712,0.82094,0.824854,0.031367,0.124933,0.123567,,,,1985.14,19260817.0,False,Bernoulli,34.0,33.0,88.0
200.0,8.0,0.7,0.85,256.0,0.01,0.1,"['Effective Disposals', 'Disposals', 'Contested Possessions', 'Goals', 'Score Involvements', 'Hitouts', 'Kicks', 'Tackles', 'One Percenters', 'Clangers', 'Contested Marks', 'Tackles Outside 50', 'Metres Gained', 'Marks', 'Behind Assists', 'Intercepts', 'Marks Inside 50', 'Goal Assists', 'Frees Agains', 'Tackles Inside 50', 'Handballs', 'Marks Outside 50', 'Time On Ground %', 'Rebound 50s', 'Disposal Efficiency %', 'Uncontested Marks', 'Frees For', 'Clearances', 'Inside 50s', 'Turnovers', 'Bounces', 'Uncontested Possessions', 'Centre Clearances', 'Behinds', 'Stoppage Clearances']",0.998079867999009,0.989471,0.822907,0.827718,0.030295,0.124245,0.122552,,,,2032.87,19260817.0,False,Bernoulli,35.0,34.0,89.0
200.0,8.0,0.7,0.85,256.0,0.01,0.1,"['Effective Disposals', 'Disposals', 'Contested Possessions', 'Goals', 'Score Involvements', 'Hitouts', 'Kicks', 'Tackles', 'One Percenters', 'Clangers', 'Contested Marks', 'Tackles Outside 50', 'Metres Gained', 'Marks', 'Behind Assists', 'Intercepts', 'Marks Inside 50', 'Goal Assists', 'Frees Agains', 'Tackles Inside 50', 'Handballs', 'Marks Outside 50', 'Time On Ground %', 'Rebound 50s', 'Disposal Efficiency %', 'Uncontested Marks', 'Frees For', 'Clearances', 'Inside 50s', 'Turnovers', 'Bounces', 'Uncontested Possessions', 'Centre Clearances', 'Behinds', 'Stoppage Clearances', 'Ineffective Disposals']",0.999192674212217,0.988844,0.823691,0.825837,0.031184,0.123969,0.123219,,,,2079.28,19260817.0,False,Bernoulli,36.0,35.0,90.0
200.0,8.0,0.7,0.85,256.0,0.01,0.1,"['Effective Disposals', 'Disposals', 'Contested Possessions', 'Goals', 'Score Involvements', 'Hitouts', 'Kicks', 'Tackles', 'One Percenters', 'Clangers', 'Contested Marks', 'Tackles Outside 50', 'Metres Gained', 'Marks', 'Behind Assists', 'Intercepts', 'Marks Inside 50', 'Goal Assists', 'Frees Agains', 'Tackles Inside 50', 'Handballs', 'Marks Outside 50', 'Time On Ground %', 'Rebound 50s', 'Disposal Efficiency %', 'Uncontested Marks', 'Frees For', 'Clearances', 'Inside 50s', 'Turnovers', 'Bounces', 'Uncontested Possessions', 'Centre Clearances', 'Behinds', 'Stoppage Clearances', 'Ineffective Disposals', 'Winloss']",1.0000000000000002,0.989729,0.823604,0.823282,0.02992,0.124,0.12412,,,,2081.18,19260817.0,False,Bernoulli,37.0,36.0,91.0
200.0,2.0,0.7,0.85,256.0,0.01,0.1,"['Effective Disposals', 'Disposals', 'Contested Possessions', 'Goals', 'Score Involvements', 'Hitouts', 'Kicks', 'Tackles', 'One Percenters', 'Clangers', 'Contested Marks']",0.9296124325661,0.816635,0.814868,0.81296,0.126424,0.127033,0.127693,,,,170.85,19260817.0,False,Bernoulli,11.0,10.0,92.0
200.0,4.0,0.7,0.85,256.0,0.01,0.1,"['Effective Disposals', 'Disposals', 'Contested Possessions', 'Goals', 'Score Involvements', 'Hitouts', 'Kicks', 'Tackles', 'One Percenters', 'Clangers', 'Contested Marks']",0.9296124325661,0.852986,0.8407,0.839845,0.113201,0.117838,0.11816,,,,234.87,19260817.0,False,Bernoulli,11.0,10.0,93.0
200.0,4.0,0.7,0.85,64.0,0.01,0.1,"['Effective Disposals', 'Disposals', 'Contested Possessions', 'Goals', 'Score Involvements', 'Hitouts', 'Kicks', 'Tackles', 'One Percenters', 'Clangers', 'Contested Marks']",0.9296124325661,0.852701,0.836878,0.840401,0.11331,0.119243,0.117955,,,,223.32,19260817.0,False,Bernoulli,11.0,10.0,94.0
200.0,4.0,0.7,0.4,256.0,0.01,0.1,"['Effective Disposals', 'Disposals', 'Contested Possessions', 'Goals', 'Score Involvements', 'Hitouts', 'Kicks', 'Tackles', 'One Percenters', 'Clangers', 'Contested Marks']",0.9296124325661,0.85343,0.843953,0.84001,0.11303,0.116628,0.118099,,,,189.44,19260817.0,False,Bernoulli,11.0,10.0,95.0
200.0,4.0,0.7,0.55,256.0,0.01,0.1,"['Effective Disposals', 'Disposals', 'Contested Possessions', 'Goals', 'Score Involvements', 'Hitouts', 'Kicks', 'Tackles', 'One Percenters', 'Clangers', 'Contested Marks']",0.9296124325661,0.855316,0.841586,0.84073,0.1123,0.11751,0.117833,,,,203.52,19260817.0,False,Bernoulli,11.0,10.0,96.0
200.0,4.0,0.7,0.7,256.0,0.01,0.1,"['Effective Disposals', 'Disposals', 'Contested Possessions', 'Goals', 'Score Involvements', 'Hitouts', 'Kicks', 'Tackles', 'One Percenters', 'Clangers', 'Contested Marks']",0.9296124325661,0.855137,0.841607,0.841081,0.112369,0.117502,0.117703,,,,218.38,19260817.0,False,Bernoulli,11.0,10.0,97.0
200.0,4.0,0.7,1.0,256.0,0.01,0.1,"['Effective Disposals', 'Disposals', 'Contested Possessions', 'Goals', 'Score Involvements', 'Hitouts', 'Kicks', 'Tackles', 'One Percenters', 'Clangers', 'Contested Marks']",0.9296124325661,0.855301,0.843753,0.842301,0.112306,0.116703,0.11725,,,,250.13,19260817.0,False,Bernoulli,11.0,10.0,98.0
200.0,4.0,0.4,0.4,256.0,0.01,0.1,"['Effective Disposals', 'Disposals', 'Contested Possessions', 'Goals', 'Score Involvements', 'Hitouts', 'Kicks', 'Tackles', 'One Percenters', 'Clangers', 'Contested Marks']",0.9296124325661,0.850017,0.839611,0.835277,0.114338,0.11824,0.119833,,,,173.18,19260817.0,False,Bernoulli,11.0,10.0,99.0
200.0,4.0,0.55,0.4,256.0,0.01,0.1,"['Effective Disposals', 'Disposals', 'Contested Possessions', 'Goals', 'Score Involvements', 'Hitouts', 'Kicks', 'Tackles', 'One Percenters', 'Clangers', 'Contested Marks']",0.9296124325661,0.852322,0.841415,0.839441,0.113456,0.117573,0.118309,,,,179.87,19260817.0,False,Bernoulli,11.0,10.0,100.0
200.0,4.0,0.85,0.4,256.0,0.01,0.1,"['Effective Disposals', 'Disposals', 'Contested Possessions', 'Goals', 'Score Involvements', 'Hitouts', 'Kicks', 'Tackles', 'One Percenters', 'Clangers', 'Contested Marks']",0.9296124325661,0.853681,0.842934,0.840546,0.112933,0.117009,0.117901,,,,195.9,19260817.0,False,Bernoulli,11.0,10.0,101.0
200.0,4.0,1.0,0.4,256.0,0.01,0.1,"['Effective Disposals', 'Disposals', 'Contested Possessions', 'Goals', 'Score Involvements', 'Hitouts', 'Kicks', 'Tackles', 'One Percenters', 'Clangers', 'Contested Marks']",0.9296124325661,0.853446,0.843888,0.84003,0.113023,0.116653,0.118092,,,,214.85,19260817.0,False,Bernoulli,11.0,10.0,102.0
25.0,4.0,0.7,0.4,256.0,0.01,0.1,"['Effective Disposals', 'Disposals', 'Contested Possessions', 'Goals', 'Score Involvements', 'Hitouts', 'Kicks', 'Tackles', 'One Percenters', 'Clangers', 'Contested Marks']",0.9296124325661,0.680855,0.675665,0.680475,0.166787,0.168141,0.166899,,,,24.7,19260817.0,False,Bernoulli,11.0,10.0,103.0
50.0,4.0,0.7,0.4,256.0,0.01,0.1,"['Effective Disposals', 'Disposals', 'Contested Possessions', 'Goals', 'Score Involvements', 'Hitouts', 'Kicks', 'Tackles', 'One Percenters', 'Clangers', 'Contested Marks']",0.9296124325661,0.759086,0.75297,0.754948,0.144911,0.146741,0.14616,,,,48.94,19260817.0,False,Bernoulli,11.0,10.0,104.0
100.0,4.0,0.7,0.4,256.0,0.01,0.1,"['Effective Disposals', 'Disposals', 'Contested Possessions', 'Goals', 'Score Involvements', 'Hitouts', 'Kicks', 'Tackles', 'One Percenters', 'Clangers', 'Contested Marks']",0.9296124325661,0.815873,0.808198,0.809905,0.126686,0.129302,0.128732,,,,94.5,19260817.0,False,Bernoulli,11.0,10.0,105.0
200.0,4.0,0.7,0.4,256.0,0.1,0.1,"['Effective Disposals', 'Disposals', 'Contested Possessions', 'Goals', 'Score Involvements', 'Hitouts', 'Kicks', 'Tackles', 'One Percenters', 'Clangers', 'Contested Marks']",0.9296124325661,0.850844,0.842593,0.839762,0.114022,0.117136,0.118191,,,,191.36,19260817.0,False,Bernoulli,11.0,10.0,106.0
200.0,4.0,0.7,0.4,256.0,1.0,0.1,"['Effective Disposals', 'Disposals', 'Contested Possessions', 'Goals', 'Score Involvements', 'Hitouts', 'Kicks', 'Tackles', 'One Percenters', 'Clangers', 'Contested Marks']",0.9296124325661,0.844273,0.839161,0.836455,0.116507,0.118406,0.119404,,,,189.61,19260817.0,False,Bernoulli,11.0,10.0,107.0
200.0,4.0,0.7,0.4,256.0,0.01,0.001,"['Effective Disposals', 'Disposals', 'Contested Possessions', 'Goals', 'Score Involvements', 'Hitouts', 'Kicks', 'Tackles', 'One Percenters', 'Clangers', 'Contested Marks']",0.9296124325661,0.537821,0.53429,0.538302,0.200713,0.201481,0.200622,,,,192.51,19260817.0,False,Bernoulli,11.0,10.0,108.0
200.0,4.0,0.7,0.4,256.0,0.01,0.01,"['Effective Disposals', 'Disposals', 'Contested Possessions', 'Goals', 'Score Involvements', 'Hitouts', 'Kicks', 'Tackles', 'One Percenters', 'Clangers', 'Contested Marks']",0.9296124325661,0.704645,0.698631,0.701215,0.160451,0.162079,0.161391,,,,195.14,19260817.0,False,Bernoulli,11.0,10.0,109.0
200.0,4.0,0.7,0.4,256.0,0.01,1.0,"['Effective Disposals', 'Disposals', 'Contested Possessions', 'Goals', 'Score Involvements', 'Hitouts', 'Kicks', 'Tackles', 'One Percenters', 'Clangers', 'Contested Marks']",0.9296124325661,0.464882,0.447305,0.455898,0.21597,0.219493,0.217791,,,,197.6,19260817.0,False,Bernoulli,11.0,10.0,110.0
200.0,4.0,0.7,0.4,256.0,0.01,0.1,['Effective Disposals'],0.44653042996227,0.418594,0.416199,0.418829,0.225118,0.225585,0.225088,,,,146.05,19260817.0,False,Bernoulli,1.0,0.0,111.0
200.0,4.0,0.7,0.4,256.0,0.01,0.1,"['Effective Disposals', 'Disposals']",0.5902700666140068,0.479705,0.475256,0.481707,0.212958,0.21387,0.212563,,,,148.51,19260817.0,False,Bernoulli,2.0,1.0,112.0
200.0,4.0,0.7,0.4,256.0,0.01,0.1,"['Effective Disposals', 'Disposals', 'Contested Possessions']",0.6884421836299831,0.572503,0.569854,0.576412,0.193035,0.193635,0.192164,,,,151.04,19260817.0,False,Bernoulli,3.0,2.0,113.0
200.0,4.0,0.7,0.4,256.0,0.01,0.1,"['Effective Disposals', 'Disposals', 'Contested Possessions', 'Goals']",0.7573402957514369,0.687532,0.677853,0.682784,0.165034,0.167573,0.166294,,,,160.28,19260817.0,False,Bernoulli,4.0,3.0,114.0
200.0,4.0,0.7,0.4,256.0,0.01,0.1,"['Effective Disposals', 'Disposals', 'Contested Possessions', 'Goals', 'Score Involvements']",0.7965879020682821,0.700743,0.685999,0.687688,0.161507,0.165441,0.165004,,,,164.16,19260817.0,False,Bernoulli,5.0,4.0,115.0
200.0,4.0,0.7,0.4,256.0,0.01,0.1,"['Effective Disposals', 'Disposals', 'Contested Possessions', 'Goals', 'Score Involvements', 'Hitouts']",0.8334493582092865,0.74327,0.731235,0.73349,0.149592,0.153061,0.152425,,,,168.96,19260817.0,False,Bernoulli,6.0,5.0,116.0
200.0,4.0,0.7,0.4,256.0,0.01,0.1,"['Effective Disposals', 'Disposals', 'Contested Possessions', 'Goals', 'Score Involvements', 'Hitouts', 'Kicks']",0.8643600434499222,0.76344,0.746664,0.749577,0.143595,0.148602,0.147753,,,,176.12,19260817.0,False,Bernoulli,7.0,6.0,117.0
200.0,4.0,0.7,0.4,256.0,0.01,0.1,"['Effective Disposals', 'Disposals', 'Contested Possessions', 'Goals', 'Score Involvements', 'Hitouts', 'Kicks', 'Tackles']",0.8888584293867895,0.78712,0.770671,0.773099,0.136219,0.141386,0.140643,,,,177.62,19260817.0,False,Bernoulli,8.0,7.0,118.0
200.0,4.0,0.7,0.4,256.0,0.01,0.1,"['Effective Disposals', 'Disposals', 'Contested Possessions', 'Goals', 'Score Involvements', 'Hitouts', 'Kicks', 'Tackles', 'One Percenters']",0.908246584633331,0.825567,0.810636,0.811128,0.123306,0.128477,0.128317,,,,182.75,19260817.0,False,Bernoulli,9.0,8.0,119.0
200.0,4.0,0.7,0.4,256.0,0.01,0.1,"['Effective Disposals', 'Disposals', 'Contested Possessions', 'Goals', 'Score Involvements', 'Hitouts', 'Kicks', 'Tackles', 'One Percenters', 'Clangers']",0.921724797043356,0.848578,0.836741,0.838702,0.114885,0.119293,0.118581,,,,187.89,19260817.0,False,Bernoulli,10.0,9.0,120.0
200.0,4.0,0.7,0.4,256.0,0.01,0.1,"['Effective Disposals', 'Disposals', 'Contested Possessions', 'Goals', 'Score Involvements', 'Hitouts', 'Kicks', 'Tackles', 'One Percenters', 'Clangers', 'Contested Marks', 'Tackles Outside 50']",0.9370952172710802,0.854313,0.842745,0.84066,0.112689,0.117079,0.117859,,,,195.3,19260817.0,False,Bernoulli,12.0,11.0,121.0
200.0,4.0,0.7,0.4,256.0,0.01,0.1,"['Effective Disposals', 'Disposals', 'Contested Possessions', 'Goals', 'Score Involvements', 'Hitouts', 'Kicks', 'Tackles', 'One Percenters', 'Clangers', 'Contested Marks', 'Tackles Outside 50', 'Metres Gained']",0.943798522826618,0.854164,0.840876,0.840801,0.112746,0.117773,0.117807,,,,198.31,19260817.0,False,Bernoulli,13.0,12.0,122.0
200.0,4.0,0.7,0.4,256.0,0.01,0.1,"['Effective Disposals', 'Disposals', 'Contested Possessions', 'Goals', 'Score Involvements', 'Hitouts', 'Kicks', 'Tackles', 'One Percenters', 'Clangers', 'Contested Marks', 'Tackles Outside 50', 'Metres Gained', 'Marks']",0.9503332272292372,0.855369,0.844403,0.843097,0.11228,0.11646,0.116954,,,,207.65,19260817.0,False,Bernoulli,14.0,13.0,123.0
200.0,4.0,0.7,0.4,256.0,0.01,0.1,"['Effective Disposals', 'Disposals', 'Contested Possessions', 'Goals', 'Score Involvements', 'Hitouts', 'Kicks', 'Tackles', 'One Percenters', 'Clangers', 'Contested Marks', 'Tackles Outside 50', 'Metres Gained', 'Marks', 'Behind Assists']",0.9565296687326263,0.85225,0.839992,0.840125,0.113484,0.1181,0.118057,,,,205.73,19260817.0,False,Bernoulli,15.0,14.0,124.0
200.0,4.0,0.7,0.4,256.0,0.01,0.1,"['Effective Disposals', 'Disposals', 'Contested Possessions', 'Goals', 'Score Involvements', 'Hitouts', 'Kicks', 'Tackles', 'One Percenters', 'Clangers', 'Contested Marks', 'Tackles Outside 50', 'Metres Gained', 'Marks', 'Behind Assists', 'Intercepts']",0.9611499564974356,0.854866,0.839947,0.838495,0.112475,0.118116,0.118657,,,,207.36,19260817.0,False,Bernoulli,16.0,15.0,125.0
200.0,4.0,0.7,0.4,256.0,0.01,0.1,"['Effective Disposals', 'Disposals', 'Contested Possessions', 'Goals', 'Score Involvements', 'Hitouts', 'Kicks', 'Tackles', 'One Percenters', 'Clangers', 'Contested Marks', 'Tackles Outside 50', 'Metres Gained', 'Marks', 'Behind Assists', 'Intercepts', 'Marks Inside 50']",0.9645858003064072,0.854058,0.841713,0.839611,0.112787,0.117463,0.118246,,,,214.8,19260817.0,False,Bernoulli,17.0,16.0,126.0
200.0,4.0,0.7,0.4,256.0,0.01,0.1,"['Effective Disposals', 'Disposals', 'Contested Possessions', 'Goals', 'Score Involvements', 'Hitouts', 'Kicks', 'Tackles', 'One Percenters', 'Clangers', 'Contested Marks', 'Tackles Outside 50', 'Metres Gained', 'Marks', 'Behind Assists', 'Intercepts', 'Marks Inside 50', 'Goal Assists']",0.9673770870917228,0.857395,0.840953,0.843351,0.11149,0.117744,0.11686,,,,218.06,19260817.0,False,Bernoulli,18.0,17.0,127.0
200.0,4.0,0.7,0.4,256.0,0.01,0.1,"['Effective Disposals', 'Disposals', 'Contested Possessions', 'Goals', 'Score Involvements', 'Hitouts', 'Kicks', 'Tackles', 'One Percenters', 'Clangers', 'Contested Marks', 'Tackles Outside 50', 'Metres Gained', 'Marks', 'Behind Assists', 'Intercepts', 'Marks Inside 50', 'Goal Assists', 'Frees Agains']",0.9701515001846404,0.859744,0.846858,0.843923,0.110568,0.115538,0.116646,,,,222.23,19260817.0,False,Bernoulli,19.0,18.0,128.0
200.0,4.0,0.7,0.4,256.0,0.01,0.1,"['Effective Disposals', 'Disposals', 'Contested Possessions', 'Goals', 'Score Involvements', 'Hitouts', 'Kicks', 'Tackles', 'One Percenters', 'Clangers', 'Contested Marks', 'Tackles Outside 50', 'Metres Gained', 'Marks', 'Behind Assists', 'Intercepts', 'Marks Inside 50', 'Goal Assists', 'Frees Agains', 'Tackles Inside 50']",0.9727234836103577,0.857208,0.84298,0.840221,0.111563,0.116992,0.118021,,,,228.63,19260817.0,False,Bernoulli,20.0,19.0,129.0
200.0,4.0,0.7,0.4,256.0,0.01,0.1,"['Effective Disposals', 'Disposals', 'Contested Possessions', 'Goals', 'Score Involvements', 'Hitouts', 'Kicks', 'Tackles', 'One Percenters', 'Clangers', 'Contested Marks', 'Tackles Outside 50', 'Metres Gained', 'Marks', 'Behind Assists', 'Intercepts', 'Marks Inside 50', 'Goal Assists', 'Frees Agains', 'Tackles Inside 50', 'Handballs']",0.975217379174236,0.858244,0.84058,0.840356,0.111158,0.117882,0.117971,,,,230.77,19260817.0,False,Bernoulli,21.0,20.0,130.0
200.0,4.0,0.7,0.4,256.0,0.01,0.1,"['Effective Disposals', 'Disposals', 'Contested Possessions', 'Goals', 'Score Involvements', 'Hitouts', 'Kicks', 'Tackles', 'One Percenters', 'Clangers', 'Contested Marks', 'Tackles Outside 50', 'Metres Gained', 'Marks', 'Behind Assists', 'Intercepts', 'Marks Inside 50', 'Goal Assists', 'Frees Agains', 'Tackles Inside 50', 'Handballs', 'Marks Outside 50']",0.9773390168194316,0.856131,0.841947,0.840242,0.111983,0.117376,0.118014,,,,235.35,19260817.0,False,Bernoulli,22.0,21.0,131.0
200.0,4.0,0.7,0.4,256.0,0.01,0.1,"['Effective Disposals', 'Disposals', 'Contested Possessions', 'Goals', 'Score Involvements', 'Hitouts', 'Kicks', 'Tackles', 'One Percenters', 'Clangers', 'Contested Marks', 'Tackles Outside 50', 'Metres Gained', 'Marks', 'Behind Assists', 'Intercepts', 'Marks Inside 50', 'Goal Assists', 'Frees Agains', 'Tackles Inside 50', 'Handballs', 'Marks Outside 50', 'Time On Ground %']",0.9794518706907822,0.854783,0.838164,0.839286,0.112507,0.118772,0.118366,,,,235.72,19260817.0,False,Bernoulli,23.0,22.0,132.0
200.0,4.0,0.7,0.4,256.0,0.01,0.1,"['Effective Disposals', 'Disposals', 'Contested Possessions', 'Goals', 'Score Involvements', 'Hitouts', 'Kicks', 'Tackles', 'One Percenters', 'Clangers', 'Contested Marks', 'Tackles Outside 50', 'Metres Gained', 'Marks', 'Behind Assists', 'Intercepts', 'Marks Inside 50', 'Goal Assists', 'Frees Agains', 'Tackles Inside 50', 'Handballs', 'Marks Outside 50', 'Time On Ground %', 'Rebound 50s']",0.981268113923304,0.849528,0.837308,0.830073,0.114524,0.119086,0.121711,,,,242.59,19260817.0,False,Bernoulli,24.0,23.0,133.0
200.0,4.0,0.7,0.4,256.0,0.01,0.1,"['Effective Disposals', 'Disposals', 'Contested Possessions', 'Goals', 'Score Involvements', 'Hitouts', 'Kicks', 'Tackles', 'One Percenters', 'Clangers', 'Contested Marks', 'Tackles Outside 50', 'Metres Gained', 'Marks', 'Behind Assists', 'Intercepts', 'Marks Inside 50', 'Goal Assists', 'Frees Agains', 'Tackles Inside 50', 'Handballs', 'Marks Outside 50', 'Time On Ground %', 'Rebound 50s', 'Disposal Efficiency %']",0.9830121267145816,0.855031,0.836566,0.835038,0.11241,0.119357,0.11992,,,,243.84,19260817.0,False,Bernoulli,25.0,24.0,134.0
200.0,4.0,0.7,0.4,256.0,0.01,0.1,"['Effective Disposals', 'Disposals', 'Contested Possessions', 'Goals', 'Score Involvements', 'Hitouts', 'Kicks', 'Tackles', 'One Percenters', 'Clangers', 'Contested Marks', 'Tackles Outside 50', 'Metres Gained', 'Marks', 'Behind Assists', 'Intercepts', 'Marks Inside 50', 'Goal Assists', 'Frees Agains', 'Tackles Inside 50', 'Handballs', 'Marks Outside 50', 'Time On Ground %', 'Rebound 50s', 'Disposal Efficiency %', 'Uncontested Marks']",0.9847276615664784,0.853995,0.83939,0.836746,0.112812,0.118321,0.119298,,,,249.39,19260817.0,False,Bernoulli,26.0,25.0,135.0
200.0,4.0,0.7,0.4,256.0,0.01,0.1,"['Effective Disposals', 'Disposals', 'Contested Possessions', 'Goals', 'Score Involvements', 'Hitouts', 'Kicks', 'Tackles', 'One Percenters', 'Clangers', 'Contested Marks', 'Tackles Outside 50', 'Metres Gained', 'Marks', 'Behind Assists', 'Intercepts', 'Marks Inside 50', 'Goal Assists', 'Frees Agains', 'Tackles Inside 50', 'Handballs', 'Marks Outside 50', 'Time On Ground %', 'Rebound 50s', 'Disposal Efficiency %', 'Uncontested Marks', 'Frees For']",0.9864022991207512,0.851125,0.832438,0.83291,0.113915,0.120855,0.120691,,,,254.94,19260817.0,False,Bernoulli,27.0,26.0,136.0
200.0,4.0,0.7,0.4,256.0,0.01,0.1,"['Effective Disposals', 'Disposals', 'Contested Possessions', 'Goals', 'Score Involvements', 'Hitouts', 'Kicks', 'Tackles', 'One Percenters', 'Clangers', 'Contested Marks', 'Tackles Outside 50', 'Metres Gained', 'Marks', 'Behind Assists', 'Intercepts', 'Marks Inside 50', 'Goal Assists', 'Frees Agains', 'Tackles Inside 50', 'Handballs', 'Marks Outside 50', 'Time On Ground %', 'Rebound 50s', 'Disposal Efficiency %', 'Uncontested Marks', 'Frees For', 'Clearances']",0.9880071555759266,0.850264,0.830843,0.831691,0.114244,0.121429,0.121131,,,,254.91,19260817.0,False,Bernoulli,28.0,27.0,137.0
200.0,4.0,0.7,0.4,256.0,0.01,0.1,"['Effective Disposals', 'Disposals', 'Contested Possessions', 'Goals', 'Score Involvements', 'Hitouts', 'Kicks', 'Tackles', 'One Percenters', 'Clangers', 'Contested Marks', 'Tackles Outside 50', 'Metres Gained', 'Marks', 'Behind Assists', 'Intercepts', 'Marks Inside 50', 'Goal Assists', 'Frees Agains', 'Tackles Inside 50', 'Handballs', 'Marks Outside 50', 'Time On Ground %', 'Rebound 50s', 'Disposal Efficiency %', 'Uncontested Marks', 'Frees For', 'Clearances', 'Inside 50s']",0.989568451403329,0.855379,0.837853,0.839845,0.112276,0.118886,0.11816,,,,260.69,19260817.0,False,Bernoulli,29.0,28.0,138.0
200.0,4.0,0.7,0.4,256.0,0.01,0.1,"['Effective Disposals', 'Disposals', 'Contested Possessions', 'Goals', 'Score Involvements', 'Hitouts', 'Kicks', 'Tackles', 'One Percenters', 'Clangers', 'Contested Marks', 'Tackles Outside 50', 'Metres Gained', 'Marks', 'Behind Assists', 'Intercepts', 'Marks Inside 50', 'Goal Assists', 'Frees Agains', 'Tackles Inside 50', 'Handballs', 'Marks Outside 50', 'Time On Ground %', 'Rebound 50s', 'Disposal Efficiency %', 'Uncontested Marks', 'Frees For', 'Clearances', 'Inside 50s', 'Turnovers']",0.9911132734549049,0.852931,0.835954,0.834448,0.113222,0.11958,0.120134,,,,265.54,19260817.0,False,Bernoulli,30.0,29.0,139.0
200.0,4.0,0.7,0.4,256.0,0.01,0.1,"['Effective Disposals', 'Disposals', 'Contested Possessions', 'Goals', 'Score Involvements', 'Hitouts', 'Kicks', 'Tackles', 'One Percenters', 'Clangers', 'Contested Marks', 'Tackles Outside 50', 'Metres Gained', 'Marks', 'Behind Assists', 'Intercepts', 'Marks Inside 50', 'Goal Assists', 'Frees Agains', 'Tackles Inside 50', 'Handballs', 'Marks Outside 50', 'Time On Ground %', 'Rebound 50s', 'Disposal Efficiency %', 'Uncontested Marks', 'Frees For', 'Clearances', 'Inside 50s', 'Turnovers', 'Bounces']",0.9926434124424228,0.849887,0.835076,0.833747,0.114387,0.1199,0.120389,,,,263.96,19260817.0,False,Bernoulli,31.0,30.0,140.0
200.0,4.0,0.7,0.4,256.0,0.01,0.1,"['Effective Disposals', 'Disposals', 'Contested Possessions', 'Goals', 'Score Involvements', 'Hitouts', 'Kicks', 'Tackles', 'One Percenters', 'Clangers', 'Contested Marks', 'Tackles Outside 50', 'Metres Gained', 'Marks', 'Behind Assists', 'Intercepts', 'Marks Inside 50', 'Goal Assists', 'Frees Agains', 'Tackles Inside 50', 'Handballs', 'Marks Outside 50', 'Time On Ground %', 'Rebound 50s', 'Disposal Efficiency %', 'Uncontested Marks', 'Frees For', 'Clearances', 'Inside 50s', 'Turnovers', 'Bounces', 'Uncontested Possessions']",0.9941282512295924,0.84775,0.829435,0.82803,0.115199,0.121933,0.122441,,,,270.13,19260817.0,False,Bernoulli,32.0,31.0,141.0
200.0,4.0,0.7,0.4,256.0,0.01,0.1,"['Effective Disposals', 'Disposals', 'Contested Possessions', 'Goals', 'Score Involvements', 'Hitouts', 'Kicks', 'Tackles', 'One Percenters', 'Clangers', 'Contested Marks', 'Tackles Outside 50', 'Metres Gained', 'Marks', 'Behind Assists', 'Intercepts', 'Marks Inside 50', 'Goal Assists', 'Frees Agains', 'Tackles Inside 50', 'Handballs', 'Marks Outside 50', 'Time On Ground %', 'Rebound 50s', 'Disposal Efficiency %', 'Uncontested Marks', 'Frees For', 'Clearances', 'Inside 50s', 'Turnovers', 'Bounces', 'Uncontested Possessions', 'Centre Clearances']",0.9954600443092164,0.849182,0.829968,0.834683,0.114656,0.121743,0.120049,,,,274.44,19260817.0,False,Bernoulli,33.0,32.0,142.0
200.0,4.0,0.7,0.4,256.0,0.01,0.1,"['Effective Disposals', 'Disposals', 'Contested Possessions', 'Goals', 'Score Involvements', 'Hitouts', 'Kicks', 'Tackles', 'One Percenters', 'Clangers', 'Contested Marks', 'Tackles Outside 50', 'Metres Gained', 'Marks', 'Behind Assists', 'Intercepts', 'Marks Inside 50', 'Goal Assists', 'Frees Agains', 'Tackles Inside 50', 'Handballs', 'Marks Outside 50', 'Time On Ground %', 'Rebound 50s', 'Disposal Efficiency %', 'Uncontested Marks', 'Frees For', 'Clearances', 'Inside 50s', 'Turnovers', 'Bounces', 'Uncontested Possessions', 'Centre Clearances', 'Behinds']",0.9967759764723418,0.846271,0.828795,0.830277,0.115757,0.122162,0.121638,,,,276.8,19260817.0,False,Bernoulli,34.0,33.0,143.0
200.0,4.0,0.7,0.4,256.0,0.01,0.1,"['Effective Disposals', 'Disposals', 'Contested Possessions', 'Goals', 'Score Involvements', 'Hitouts', 'Kicks', 'Tackles', 'One Percenters', 'Clangers', 'Contested Marks', 'Tackles Outside 50', 'Metres Gained', 'Marks', 'Behind Assists', 'Intercepts', 'Marks Inside 50', 'Goal Assists', 'Frees Agains', 'Tackles Inside 50', 'Handballs', 'Marks Outside 50', 'Time On Ground %', 'Rebound 50s', 'Disposal Efficiency %', 'Uncontested Marks', 'Frees For', 'Clearances', 'Inside 50s', 'Turnovers', 'Bounces', 'Uncontested Possessions', 'Centre Clearances', 'Behinds', 'Stoppage Clearances']",0.998079867999009,0.850416,0.834366,0.832361,0.114186,0.120158,0.120889,,,,280.47,19260817.0,False,Bernoulli,35.0,34.0,144.0
200.0,4.0,0.7,0.4,256.0,0.01,0.1,"['Effective Disposals', 'Disposals', 'Contested Possessions', 'Goals', 'Score Involvements', 'Hitouts', 'Kicks', 'Tackles', 'One Percenters', 'Clangers', 'Contested Marks', 'Tackles Outside 50', 'Metres Gained', 'Marks', 'Behind Assists', 'Intercepts', 'Marks Inside 50', 'Goal Assists', 'Frees Agains', 'Tackles Inside 50', 'Handballs', 'Marks Outside 50', 'Time On Ground %', 'Rebound 50s', 'Disposal Efficiency %', 'Uncontested Marks', 'Frees For', 'Clearances', 'Inside 50s', 'Turnovers', 'Bounces', 'Uncontested Possessions', 'Centre Clearances', 'Behinds', 'Stoppage Clearances', 'Ineffective Disposals']",0.999192674212217,0.851543,0.832762,0.831094,0.113755,0.120738,0.121345,,,,285.41,19260817.0,False,Bernoulli,36.0,35.0,145.0
200.0,4.0,0.7,0.4,256.0,0.01,0.1,"['Effective Disposals', 'Disposals', 'Contested Possessions', 'Goals', 'Score Involvements', 'Hitouts', 'Kicks', 'Tackles', 'One Percenters', 'Clangers', 'Contested Marks', 'Tackles Outside 50', 'Metres Gained', 'Marks', 'Behind Assists', 'Intercepts', 'Marks Inside 50', 'Goal Assists', 'Frees Agains', 'Tackles Inside 50', 'Handballs', 'Marks Outside 50', 'Time On Ground %', 'Rebound 50s', 'Disposal Efficiency %', 'Uncontested Marks', 'Frees For', 'Clearances', 'Inside 50s', 'Turnovers', 'Bounces', 'Uncontested Possessions', 'Centre Clearances', 'Behinds', 'Stoppage Clearances', 'Ineffective Disposals', 'Winloss']",1.0000000000000002,0.846753,0.827479,0.828589,0.115576,0.122631,0.122242,,,,285.77,19260817.0,False,Bernoulli,37.0,36.0,146.0
200.0,2.0,0.7,0.4,256.0,0.01,0.1,"['Effective Disposals', 'Disposals', 'Contested Possessions', 'Goals', 'Score Involvements', 'Hitouts', 'Kicks', 'Tackles', 'One Percenters', 'Clangers', 'Contested Marks', 'Tackles Outside 50', 'Metres Gained', 'Marks', 'Behind Assists', 'Intercepts', 'Marks Inside 50', 'Goal Assists', 'Frees Agains']",0.9701515001846404,0.814003,0.809871,0.809423,0.127328,0.128736,0.128895,,,,177.45,19260817.0,False,Bernoulli,19.0,18.0,147.0
200.0,8.0,0.7,0.4,256.0,0.01,0.1,"['Effective Disposals', 'Disposals', 'Contested Possessions', 'Goals', 'Score Involvements', 'Hitouts', 'Kicks', 'Tackles', 'One Percenters', 'Clangers', 'Contested Marks', 'Tackles Outside 50', 'Metres Gained', 'Marks', 'Behind Assists', 'Intercepts', 'Marks Inside 50', 'Goal Assists', 'Frees Agains']",0.9701515001846404,0.980307,0.835835,0.838136,0.041431,0.119624,0.118789,,,,680.11,19260817.0,False,Bernoulli,19.0,18.0,148.0
200.0,4.0,0.7,0.4,64.0,0.01,0.1,"['Effective Disposals', 'Disposals', 'Contested Possessions', 'Goals', 'Score Involvements', 'Hitouts', 'Kicks', 'Tackles', 'One Percenters', 'Clangers', 'Contested Marks', 'Tackles Outside 50', 'Metres Gained', 'Marks', 'Behind Assists', 'Intercepts', 'Marks Inside 50', 'Goal Assists', 'Frees Agains']",0.9701515001846404,0.856101,0.841248,0.837919,0.111995,0.117635,0.118868,,,,214.21,19260817.0,False,Bernoulli,19.0,18.0,149.0
200.0,4.0,0.7,0.55,256.0,0.01,0.1,"['Effective Disposals', 'Disposals', 'Contested Possessions', 'Goals', 'Score Involvements', 'Hitouts', 'Kicks', 'Tackles', 'One Percenters', 'Clangers', 'Contested Marks', 'Tackles Outside 50', 'Metres Gained', 'Marks', 'Behind Assists', 'Intercepts', 'Marks Inside 50', 'Goal Assists', 'Frees Agains']",0.9701515001846404,0.859249,0.842602,0.845508,0.110763,0.117132,0.116052,,,,249.19,19260817.0,False,Bernoulli,19.0,18.0,150.0
200.0,4.0,0.7,0.7,256.0,0.01,0.1,"['Effective Disposals', 'Disposals', 'Contested Possessions', 'Goals', 'Score Involvements', 'Hitouts', 'Kicks', 'Tackles', 'One Percenters', 'Clangers', 'Contested Marks', 'Tackles Outside 50', 'Metres Gained', 'Marks', 'Behind Assists', 'Intercepts', 'Marks Inside 50', 'Goal Assists', 'Frees Agains']",0.9701515001846404,0.854272,0.839179,0.838017,0.112704,0.118399,0.118832,,,,276.89,19260817.0,False,Bernoulli,19.0,18.0,151.0
200.0,4.0,0.7,0.85,256.0,0.01,0.1,"['Effective Disposals', 'Disposals', 'Contested Possessions', 'Goals', 'Score Involvements', 'Hitouts', 'Kicks', 'Tackles', 'One Percenters', 'Clangers', 'Contested Marks', 'Tackles Outside 50', 'Metres Gained', 'Marks', 'Behind Assists', 'Intercepts', 'Marks Inside 50', 'Goal Assists', 'Frees Agains']",0.9701515001846404,0.85956,0.845884,0.84294,0.110641,0.115905,0.117013,,,,290.76,19260817.0,False,Bernoulli,19.0,18.0,152.0
200.0,4.0,0.7,1.0,256.0,0.01,0.1,"['Effective Disposals', 'Disposals', 'Contested Possessions', 'Goals', 'Score Involvements', 'Hitouts', 'Kicks', 'Tackles', 'One Percenters', 'Clangers', 'Contested Marks', 'Tackles Outside 50', 'Metres Gained', 'Marks', 'Behind Assists', 'Intercepts', 'Marks Inside 50', 'Goal Assists', 'Frees Agains']",0.9701515001846404,0.857537,0.844766,0.840603,0.111435,0.116324,0.11788,,,,315.9,19260817.0,False,Bernoulli,19.0,18.0,153.0
200.0,4.0,0.4,0.4,256.0,0.01,0.1,"['Effective Disposals', 'Disposals', 'Contested Possessions', 'Goals', 'Score Involvements', 'Hitouts', 'Kicks', 'Tackles', 'One Percenters', 'Clangers', 'Contested Marks', 'Tackles Outside 50', 'Metres Gained', 'Marks', 'Behind Assists', 'Intercepts', 'Marks Inside 50', 'Goal Assists', 'Frees Agains']",0.9701515001846404,0.852196,0.836511,0.836031,0.113504,0.119377,0.119559,,,,183.99,19260817.0,False,Bernoulli,19.0,18.0,154.0
200.0,4.0,0.55,0.4,256.0,0.01,0.1,"['Effective Disposals', 'Disposals', 'Contested Possessions', 'Goals', 'Score Involvements', 'Hitouts', 'Kicks', 'Tackles', 'One Percenters', 'Clangers', 'Contested Marks', 'Tackles Outside 50', 'Metres Gained', 'Marks', 'Behind Assists', 'Intercepts', 'Marks Inside 50', 'Goal Assists', 'Frees Agains']",0.9701515001846404,0.856207,0.842868,0.842994,0.111954,0.117033,0.116993,,,,194.92,19260817.0,False,Bernoulli,19.0,18.0,155.0
200.0,4.0,0.85,0.4,256.0,0.01,0.1,"['Effective Disposals', 'Disposals', 'Contested Possessions', 'Goals', 'Score Involvements', 'Hitouts', 'Kicks', 'Tackles', 'One Percenters', 'Clangers', 'Contested Marks', 'Tackles Outside 50', 'Metres Gained', 'Marks', 'Behind Assists', 'Intercepts', 'Marks Inside 50', 'Goal Assists', 'Frees Agains']",0.9701515001846404,0.8592,0.844438,0.846172,0.110783,0.116447,0.115802,,,,225.15,19260817.0,False,Bernoulli,19.0,18.0,156.0
200.0,4.0,1.0,0.4,256.0,0.01,0.1,"['Effective Disposals', 'Disposals', 'Contested Possessions', 'Goals', 'Score Involvements', 'Hitouts', 'Kicks', 'Tackles', 'One Percenters', 'Clangers', 'Contested Marks', 'Tackles Outside 50', 'Metres Gained', 'Marks', 'Behind Assists', 'Intercepts', 'Marks Inside 50', 'Goal Assists', 'Frees Agains']",0.9701515001846404,0.858303,0.844508,0.846096,0.111135,0.116421,0.115831,,,,253.6,19260817.0,False,Bernoulli,19.0,18.0,157.0
25.0,4.0,0.7,0.4,256.0,0.01,0.1,"['Effective Disposals', 'Disposals', 'Contested Possessions', 'Goals', 'Score Involvements', 'Hitouts', 'Kicks', 'Tackles', 'One Percenters', 'Clangers', 'Contested Marks', 'Tackles Outside 50', 'Metres Gained', 'Marks', 'Behind Assists', 'Intercepts', 'Marks Inside 50', 'Goal Assists', 'Frees Agains']",0.9701515001846404,0.685646,0.679699,0.682531,0.165531,0.167092,0.166361,,,,26.5,19260817.0,False,Bernoulli,19.0,18.0,158.0
50.0,4.0,0.7,0.4,256.0,0.01,0.1,"['Effective Disposals', 'Disposals', 'Contested Possessions', 'Goals', 'Score Involvements', 'Hitouts', 'Kicks', 'Tackles', 'One Percenters', 'Clangers', 'Contested Marks', 'Tackles Outside 50', 'Metres Gained', 'Marks', 'Behind Assists', 'Intercepts', 'Marks Inside 50', 'Goal Assists', 'Frees Agains']",0.9701515001846404,0.759601,0.752876,0.757623,0.144756,0.146769,0.14536,,,,51.96,19260817.0,False,Bernoulli,19.0,18.0,159.0
100.0,4.0,0.7,0.4,256.0,0.01,0.1,"['Effective Disposals', 'Disposals', 'Contested Possessions', 'Goals', 'Score Involvements', 'Hitouts', 'Kicks', 'Tackles', 'One Percenters', 'Clangers', 'Contested Marks', 'Tackles Outside 50', 'Metres Gained', 'Marks', 'Behind Assists', 'Intercepts', 'Marks Inside 50', 'Goal Assists', 'Frees Agains']",0.9701515001846404,0.816054,0.808236,0.808152,0.126624,0.129289,0.129324,,,,103.81,19260817.0,False,Bernoulli,19.0,18.0,160.0
200.0,4.0,0.7,0.4,256.0,0.1,0.1,"['Effective Disposals', 'Disposals', 'Contested Possessions', 'Goals', 'Score Involvements', 'Hitouts', 'Kicks', 'Tackles', 'One Percenters', 'Clangers', 'Contested Marks', 'Tackles Outside 50', 'Metres Gained', 'Marks', 'Behind Assists', 'Intercepts', 'Marks Inside 50', 'Goal Assists', 'Frees Agains']",0.9701515001846404,0.858418,0.846015,0.846711,0.11109,0.115855,0.115599,,,,209.11,19260817.0,False,Bernoulli,19.0,18.0,161.0
200.0,4.0,0.7,0.4,256.0,1.0,0.1,"['Effective Disposals', 'Disposals', 'Contested Possessions', 'Goals', 'Score Involvements', 'Hitouts', 'Kicks', 'Tackles', 'One Percenters', 'Clangers', 'Contested Marks', 'Tackles Outside 50', 'Metres Gained', 'Marks', 'Behind Assists', 'Intercepts', 'Marks Inside 50', 'Goal Assists', 'Frees Agains']",0.9701515001846404,0.850136,0.841741,0.840693,0.114293,0.117452,0.117847,,,,206.14,19260817.0,False,Bernoulli,19.0,18.0,162.0
200.0,4.0,0.7,0.4,256.0,0.01,0.001,"['Effective Disposals', 'Disposals', 'Contested Possessions', 'Goals', 'Score Involvements', 'Hitouts', 'Kicks', 'Tackles', 'One Percenters', 'Clangers', 'Contested Marks', 'Tackles Outside 50', 'Metres Gained', 'Marks', 'Behind Assists', 'Intercepts', 'Marks Inside 50', 'Goal Assists', 'Frees Agains']",0.9701515001846404,0.53145,0.53348,0.529598,0.202091,0.201657,0.202505,,,,209.86,19260817.0,False,Bernoulli,19.0,18.0,163.0
200.0,4.0,0.7,0.4,256.0,0.01,0.01,"['Effective Disposals', 'Disposals', 'Contested Possessions', 'Goals', 'Score Involvements', 'Hitouts', 'Kicks', 'Tackles', 'One Percenters', 'Clangers', 'Contested Marks', 'Tackles Outside 50', 'Metres Gained', 'Marks', 'Behind Assists', 'Intercepts', 'Marks Inside 50', 'Goal Assists', 'Frees Agains']",0.9701515001846404,0.694499,0.687817,0.686657,0.163183,0.164961,0.165276,,,,208.56,19260817.0,False,Bernoulli,19.0,18.0,164.0
200.0,4.0,0.7,0.4,256.0,0.01,1.0,"['Effective Disposals', 'Disposals', 'Contested Possessions', 'Goals', 'Score Involvements', 'Hitouts', 'Kicks', 'Tackles', 'One Percenters', 'Clangers', 'Contested Marks', 'Tackles Outside 50', 'Metres Gained', 'Marks', 'Behind Assists', 'Intercepts', 'Marks Inside 50', 'Goal Assists', 'Frees Agains']",0.9701515001846404,0.201429,0.210527,0.20853,0.263831,0.262329,0.262674,,,,216.43,19260817.0,False,Bernoulli,19.0,18.0,165.0
